{"stats":{"minecraft:picked_up":{"minecraft:wooden_axe":11,"minecraft:fishing_rod":5,"minecraft:crafting_table":3,"minecraft:iron_chestplate":8,"minecraft:wheat":9,"minecraft:clay_ball":42,"minecraft:diamond_sword":6,"minecraft:chain":1,"minecraft:shield":12,"minecraft:string":6,"minecraft:oak_trapdoor":2,"minecraft:iron_axe":11,"minecraft:wooden_sword":9,"minecraft:flint_and_steel":3,"minecraft:iron_leggings":7,"minecraft:white_carpet":1,"minecraft:diamond_leggings":4,"minecraft:cobbled_deepslate":47,"minecraft:redstone_torch":1,"minecraft:smooth_quartz":5,"minecraft:beef":33,"minecraft:cobblestone_slab":1,"minecraft:poppy":8,"minecraft:iron_pickaxe":3,"minecraft:light_gray_wool":3,"minecraft:lectern":13,"minecraft:blue_wool":6,"minecraft:sugar_cane":150,"minecraft:chest":5,"minecraft:furnace":3,"minecraft:iron_boots":6,"minecraft:egg":3,"minecraft:stick":21,"minecraft:raw_iron":34,"minecraft:oak_fence":17,"minecraft:torch":4,"minecraft:porkchop":3,"minecraft:diorite":54,"minecraft:carrot":43,"minecraft:golden_chestplate":1,"minecraft:diamond_chestplate":3,"minecraft:stone_sword":2,"minecraft:arrow":458,"minecraft:rotten_flesh":22,"minecraft:shears":7,"minecraft:diamond_boots":4,"minecraft:hay_block":12,"minecraft:carved_pumpkin":6,"minecraft:totem_of_undying":10,"minecraft:deepslate_copper_ore":1,"minecraft:obsidian":7,"minecraft:mutton":14,"minecraft:cod":1,"minecraft:rail":2,"minecraft:white_wool":83,"minecraft:cobblestone":175,"minecraft:oxeye_daisy":1,"minecraft:magma_block":4,"minecraft:cooked_beef":2,"minecraft:golden_carrot":1048,"minecraft:tripwire_hook":3,"minecraft:water_bucket":6,"minecraft:andesite":4,"minecraft:leather":85,"minecraft:powder_snow_bucket":26,"minecraft:potato":42,"minecraft:flint":1,"minecraft:tuff":16,"minecraft:oak_log":87,"minecraft:yellow_bed":8,"minecraft:lapis_lazuli":91,"minecraft:dirt":693,"minecraft:paper":78,"minecraft:cooked_mutton":6,"minecraft:bone":30,"minecraft:bow":6,"minecraft:wheat_seeds":58,"minecraft:iron_ingot":14,"minecraft:stone_pickaxe":1,"minecraft:diamond_helmet":4,"minecraft:iron_sword":13,"minecraft:oak_planks":65,"minecraft:book":5,"minecraft:oak_slab":11,"minecraft:pumpkin":7,"minecraft:red_wool":6,"minecraft:stone_brick_slab":3,"minecraft:dandelion":2,"minecraft:gravel":1,"minecraft:white_bed":29,"minecraft:spider_eye":4,"minecraft:diamond_shovel":7,"minecraft:pumpkin_seeds":26,"minecraft:diamond":2,"minecraft:stone_axe":8,"minecraft:iron_helmet":7,"minecraft:granite":2,"minecraft:emerald":2,"minecraft:baked_potato":61,"minecraft:oak_sapling":1,"minecraft:netherrack":7,"minecraft:coal":72,"minecraft:hopper":7,"minecraft:diamond_pickaxe":4},"minecraft:used":{"minecraft:oak_trapdoor":3,"minecraft:flint_and_steel":2,"minecraft:carved_pumpkin":1,"minecraft:stone_shovel":134,"minecraft:chest":6,"minecraft:shield":51,"minecraft:iron_sword":286,"minecraft:rotten_flesh":14,"minecraft:netherrack":6,"minecraft:iron_chestplate":4,"minecraft:torch":7,"minecraft:dirt":286,"minecraft:white_carpet":3,"minecraft:hopper":4,"minecraft:diamond_helmet":2,"minecraft:salmon_bucket":6,"minecraft:carrot":34,"minecraft:golden_chestplate":1,"minecraft:tuff":10,"minecraft:granite":2,"minecraft:obsidian":7,"minecraft:wooden_axe":57,"minecraft:iron_hoe":83,"minecraft:bookshelf":9,"minecraft:red_wool":5,"minecraft:deepslate_copper_ore":1,"minecraft:iron_axe":34,"minecraft:iron_helmet":4,"minecraft:iron_boots":3,"minecraft:smooth_quartz":2,"minecraft:diamond_chestplate":2,"minecraft:light_gray_wool":1,"minecraft:golden_carrot":20,"minecraft:bow":50,"minecraft:beef":11,"minecraft:oak_sapling":1,"minecraft:furnace":5,"minecraft:powder_snow_bucket":18,"minecraft:potato":18,"minecraft:cooked_beef":8,"minecraft:pumpkin":7,"minecraft:cobbled_deepslate":37,"minecraft:iron_leggings":3,"minecraft:cooked_mutton":13,"minecraft:wheat_seeds":23,"minecraft:water_bucket":51,"minecraft:diamond_boots":2,"minecraft:diorite":9,"minecraft:baked_potato":39,"minecraft:stone_pickaxe":108,"minecraft:oak_planks":44,"minecraft:blue_wool":6,"minecraft:wooden_pickaxe":30,"minecraft:clay":2,"minecraft:sugar_cane":5,"minecraft:cobblestone_slab":1,"minecraft:white_wool":18,"minecraft:rail":1,"minecraft:oak_slab":9,"minecraft:crafting_table":6,"minecraft:white_bed":31,"minecraft:cod":1,"minecraft:pumpkin_seeds":26,"minecraft:shears":18,"minecraft:oak_log":1,"minecraft:diamond_pickaxe":31,"minecraft:diamond_shovel":445,"minecraft:string":1,"minecraft:bread":4,"minecraft:iron_pickaxe":128,"minecraft:lectern":15,"minecraft:stone_axe":87,"minecraft:diamond_sword":27,"minecraft:fishing_rod":16,"minecraft:wooden_sword":55,"minecraft:cobblestone":116,"minecraft:cooked_porkchop":3,"minecraft:bucket":66,"minecraft:yellow_bed":8,"minecraft:diamond_leggings":2,"minecraft:bone_meal":24,"minecraft:oak_fence":58},"minecraft:killed":{"minecraft:spider":3,"minecraft:skeleton":4,"minecraft:horse":22,"minecraft:cat":1,"minecraft:pig":1,"minecraft:iron_golem":2,"minecraft:sheep":8,"minecraft:zombie":12,"minecraft:cow":16},"minecraft:broken":{"minecraft:stone_shovel":1},"minecraft:killed_by":{"minecraft:player":26,"minecraft:creeper":1},"minecraft:dropped":{"minecraft:water_bucket":1,"minecraft:bread":38,"minecraft:iron_sword":4,"minecraft:wheat_seeds":2,"minecraft:lapis_lazuli":11,"minecraft:baked_potato":29,"minecraft:diamond":1,"minecraft:oak_fence":13,"minecraft:cobblestone":23,"minecraft:rail":1,"minecraft:stick":5,"minecraft:oxeye_daisy":1,"minecraft:dirt":89,"minecraft:diorite":10,"minecraft:golden_carrot":67,"minecraft:wooden_axe":1,"minecraft:wooden_sword":2,"minecraft:iron_axe":1,"minecraft:string":2,"minecraft:tripwire_hook":3,"minecraft:stone_brick_slab":1,"minecraft:stone_axe":3,"minecraft:oak_trapdoor":1,"minecraft:golden_chestplate":2,"minecraft:cobbled_deepslate":10,"minecraft:raw_iron":1,"minecraft:rotten_flesh":3,"minecraft:clay_ball":12,"minecraft:oak_planks":28,"minecraft:iron_hoe":1,"minecraft:cooked_mutton":2,"minecraft:powder_snow_bucket":6,"minecraft:deepslate_copper_ore":1,"minecraft:diamond_pickaxe":1,"minecraft:iron_chestplate":1,"minecraft:netherrack":1},"minecraft:custom":{"minecraft:mob_kills":70,"minecraft:animals_bred":3,"minecraft:inspect_hopper":2,"minecraft:interact_with_crafting_table":70,"minecraft:bell_ring":14,"minecraft:leave_game":12,"minecraft:time_since_death":107,"minecraft:climb_one_cm":1112,"minecraft:sprint_one_cm":642361,"minecraft:walk_one_cm":787084,"minecraft:damage_blocked_by_shield":2297,"minecraft:drop":249,"minecraft:talked_to_villager":31,"minecraft:play_time":331096,"minecraft:sneak_time":20166,"minecraft:deaths":72,"minecraft:walk_under_water_one_cm":33013,"minecraft:jump":6240,"minecraft:walk_on_water_one_cm":45868,"minecraft:enchant_item":9,"minecraft:total_world_time":331096,"minecraft:interact_with_furnace":88,"minecraft:traded_with_villager":5,"minecraft:sleep_in_bed":13,"minecraft:time_since_rest":193,"minecraft:damage_taken":34850,"minecraft:damage_dealt":20192,"minecraft:player_kills":26,"minecraft:swim_one_cm":63624,"minecraft:fly_one_cm":1163637,"minecraft:open_chest":126,"minecraft:crouch_one_cm":61430,"minecraft:fish_caught":1,"minecraft:fall_one_cm":431527},"minecraft:crafted":{"minecraft:wooden_sword":2,"minecraft:oak_planks":292,"minecraft:stone_shovel":1,"minecraft:fishing_rod":1,"minecraft:furnace":2,"minecraft:bone_meal":24,"minecraft:diamond_shovel":1,"minecraft:bookshelf":11,"minecraft:white_carpet":3,"minecraft:flint_and_steel":1,"minecraft:cooked_mutton":9,"minecraft:oak_trapdoor":2,"minecraft:hopper":1,"minecraft:iron_boots":1,"minecraft:iron_hoe":1,"minecraft:stone_pickaxe":1,"minecraft:chest":2,"minecraft:oak_fence":54,"minecraft:wheat":108,"minecraft:cooked_beef":6,"minecraft:oak_slab":18,"minecraft:diamond_sword":1,"minecraft:emerald":4,"minecraft:cooked_porkchop":3,"minecraft:crafting_table":3,"minecraft:wooden_pickaxe":1,"minecraft:baked_potato":20,"minecraft:iron_sword":2,"minecraft:bucket":1,"minecraft:stone_axe":1,"minecraft:bread":42,"minecraft:lectern":2,"minecraft:iron_chestplate":1,"minecraft:book":36,"minecraft:paper":132,"minecraft:diamond_pickaxe":1,"minecraft:shield":2,"minecraft:stick":68,"minecraft:iron_ingot":30,"minecraft:iron_pickaxe":1,"minecraft:wooden_axe":2,"minecraft:white_bed":2,"minecraft:torch":4,"minecraft:shears":1,"minecraft:clay":2},"minecraft:mined":{"minecraft:diamond_ore":2,"minecraft:white_bed":29,"minecraft:obsidian":9,"minecraft:carved_pumpkin":6,"minecraft:granite":2,"minecraft:grass_block":564,"minecraft:blue_wool":6,"minecraft:hopper":4,"minecraft:hay_block":13,"minecraft:tall_seagrass":1,"minecraft:magma_block":4,"minecraft:oak_trapdoor":1,"minecraft:carrots":10,"minecraft:furnace":3,"minecraft:iron_ore":26,"minecraft:fire":2,"minecraft:andesite":4,"minecraft:pumpkin":7,"minecraft:gold_block":1,"minecraft:potatoes":14,"minecraft:cobblestone_slab":1,"minecraft:dirt_path":6,"minecraft:stone":136,"minecraft:white_wool":12,"minecraft:oak_slab":3,"minecraft:red_wool":5,"minecraft:stone_brick_slab":1,"minecraft:powder_snow":10,"minecraft:dandelion":1,"minecraft:clay":11,"minecraft:oak_fence":9,"minecraft:crafting_table":3,"minecraft:poppy":1,"minecraft:chest":5,"minecraft:lectern":13,"minecraft:tall_grass":7,"minecraft:cobblestone":33,"minecraft:lapis_ore":4,"minecraft:oak_planks":17,"minecraft:sugar_cane":129,"minecraft:diorite":19,"minecraft:wall_torch":3,"minecraft:wheat":7,"minecraft:yellow_bed":8,"minecraft:grass":59,"minecraft:oak_log":75,"minecraft:coal_ore":35,"minecraft:gravel":7,"minecraft:dirt":86,"minecraft:netherrack":8,"minecraft:oak_leaves":11}},"DataVersion":2975}