{"stats":{"minecraft:mined":{"minecraft:furnace":2,"minecraft:iron_ore":22,"minecraft:fire":1,"minecraft:crafting_table":2,"minecraft:grass":7,"minecraft:coal_ore":35,"minecraft:grass_block":1,"minecraft:oak_log":6,"minecraft:dirt_path":6,"minecraft:chest":1,"minecraft:dirt":10,"minecraft:tall_grass":1,"minecraft:lapis_ore":2,"minecraft:stone":90,"minecraft:diorite":16,"minecraft:oak_leaves":1},"minecraft:crafted":{"minecraft:oak_planks":24,"minecraft:cooked_porkchop":3,"minecraft:crafting_table":3,"minecraft:stick":12,"minecraft:iron_pickaxe":1,"minecraft:iron_ingot":4,"minecraft:wooden_pickaxe":1,"minecraft:stone_pickaxe":1,"minecraft:wooden_axe":1,"minecraft:furnace":2,"minecraft:cooked_mutton":4},"minecraft:picked_up":{"minecraft:raw_iron":22,"minecraft:crafting_table":2,"minecraft:porkchop":3,"minecraft:oak_log":6,"minecraft:diorite":16,"minecraft:lapis_lazuli":10,"minecraft:dirt":8,"minecraft:wheat_seeds":1,"minecraft:light_gray_wool":1,"minecraft:chest":1,"minecraft:mutton":4,"minecraft:coal":41,"minecraft:white_wool":1,"minecraft:cobblestone":90,"minecraft:furnace":2},"minecraft:used":{"minecraft:wooden_axe":18,"minecraft:iron_pickaxe":42,"minecraft:stone_pickaxe":96,"minecraft:wooden_pickaxe":29,"minecraft:cobblestone":1,"minecraft:crafting_table":4,"minecraft:furnace":2,"minecraft:cooked_porkchop":1,"minecraft:golden_chestplate":1},"minecraft:killed":{"minecraft:sheep":2,"minecraft:pig":1},"minecraft:custom":{"minecraft:time_since_rest":16204,"minecraft:interact_with_furnace":10,"minecraft:sprint_one_cm":13325,"minecraft:damage_taken":178,"minecraft:walk_one_cm":15040,"minecraft:mob_kills":3,"minecraft:damage_dealt":315,"minecraft:interact_with_crafting_table":5,"minecraft:fly_one_cm":24388,"minecraft:player_kills":1,"minecraft:open_chest":2,"minecraft:crouch_one_cm":2923,"minecraft:play_time":16204,"minecraft:sneak_time":1462,"minecraft:jump":138,"minecraft:leave_game":1,"minecraft:time_since_death":16204,"minecraft:walk_on_water_one_cm":679,"minecraft:total_world_time":16204,"minecraft:fall_one_cm":6519}},"DataVersion":2975}