{"stats":{"minecraft:mined":{"minecraft:grass":1,"minecraft:oak_log":6,"minecraft:coal_ore":8,"minecraft:fire":1,"minecraft:tall_grass":1,"minecraft:stone":11,"minecraft:oak_leaves":1},"minecraft:picked_up":{"minecraft:oak_log":6,"minecraft:light_gray_wool":1,"minecraft:mutton":2,"minecraft:coal":8,"minecraft:cobblestone":11},"minecraft:crafted":{"minecraft:oak_planks":24,"minecraft:crafting_table":1,"minecraft:stick":4,"minecraft:wooden_pickaxe":1,"minecraft:wooden_axe":1},"minecraft:used":{"minecraft:wooden_axe":4,"minecraft:crafting_table":1,"minecraft:wooden_pickaxe":19},"minecraft:killed":{"minecraft:sheep":1},"minecraft:custom":{"minecraft:open_chest":1,"minecraft:time_since_rest":4204,"minecraft:play_time":4204,"minecraft:sprint_one_cm":8765,"minecraft:walk_one_cm":4922,"minecraft:sneak_time":11,"minecraft:mob_kills":1,"minecraft:jump":59,"minecraft:damage_dealt":80,"minecraft:walk_on_water_one_cm":342,"minecraft:leave_game":1,"minecraft:time_since_death":4204,"minecraft:total_world_time":4204,"minecraft:fall_one_cm":1730,"minecraft:interact_with_crafting_table":1,"minecraft:fly_one_cm":11768}},"DataVersion":2975}