{"stats":{"minecraft:mined":{"minecraft:diamond_ore":2,"minecraft:white_bed":1,"minecraft:dandelion":1,"minecraft:clay":11,"minecraft:crafting_table":3,"minecraft:granite":2,"minecraft:grass_block":75,"minecraft:chest":1,"minecraft:tall_grass":3,"minecraft:cobblestone":3,"minecraft:lapis_ore":4,"minecraft:diorite":19,"minecraft:wall_torch":1,"minecraft:hay_block":13,"minecraft:furnace":2,"minecraft:carrots":8,"minecraft:iron_ore":22,"minecraft:fire":1,"minecraft:grass":8,"minecraft:oak_log":10,"minecraft:potatoes":2,"minecraft:coal_ore":35,"minecraft:dirt_path":6,"minecraft:dirt":10,"minecraft:stone":112,"minecraft:oak_leaves":1},"minecraft:dropped":{"minecraft:water_bucket":1,"minecraft:diamond":1,"minecraft:raw_iron":1,"minecraft:cobblestone":13,"minecraft:rotten_flesh":2,"minecraft:clay_ball":12,"minecraft:iron_hoe":1,"minecraft:dirt":80},"minecraft:crafted":{"minecraft:oak_planks":40,"minecraft:stone_shovel":1,"minecraft:emerald":3,"minecraft:cooked_porkchop":3,"minecraft:crafting_table":3,"minecraft:wooden_pickaxe":1,"minecraft:furnace":2,"minecraft:bucket":1,"minecraft:bread":6,"minecraft:cooked_mutton":4,"minecraft:iron_hoe":1,"minecraft:stick":12,"minecraft:iron_ingot":21,"minecraft:iron_pickaxe":1,"minecraft:stone_pickaxe":1,"minecraft:wooden_axe":1},"minecraft:picked_up":{"minecraft:crafting_table":3,"minecraft:water_bucket":1,"minecraft:clay_ball":42,"minecraft:potato":3,"minecraft:oak_log":10,"minecraft:lapis_lazuli":24,"minecraft:dirt":81,"minecraft:wheat_seeds":5,"minecraft:iron_ingot":4,"minecraft:light_gray_wool":1,"minecraft:chest":1,"minecraft:oak_planks":3,"minecraft:furnace":2,"minecraft:raw_iron":22,"minecraft:dandelion":2,"minecraft:porkchop":3,"minecraft:diorite":19,"minecraft:white_bed":1,"minecraft:carrot":16,"minecraft:rotten_flesh":2,"minecraft:diamond":2,"minecraft:hay_block":12,"minecraft:granite":2,"minecraft:mutton":4,"minecraft:coal":41,"minecraft:white_wool":1,"minecraft:cobblestone":114,"minecraft:oxeye_daisy":1},"minecraft:killed":{"minecraft:pig":1,"minecraft:sheep":2},"minecraft:used":{"minecraft:cooked_mutton":2,"minecraft:water_bucket":7,"minecraft:diorite":6,"minecraft:stone_pickaxe":96,"minecraft:stone_shovel":71,"minecraft:oak_planks":3,"minecraft:wooden_pickaxe":30,"minecraft:dirt":1,"minecraft:crafting_table":4,"minecraft:carrot":16,"minecraft:white_bed":1,"minecraft:golden_chestplate":1,"minecraft:iron_hoe":83,"minecraft:wooden_axe":26,"minecraft:bread":1,"minecraft:iron_pickaxe":75,"minecraft:light_gray_wool":1,"minecraft:cobblestone":53,"minecraft:furnace":2,"minecraft:cooked_porkchop":2,"minecraft:bucket":8,"minecraft:potato":3},"minecraft:custom":{"minecraft:interact_with_furnace":41,"minecraft:mob_kills":3,"minecraft:traded_with_villager":4,"minecraft:interact_with_crafting_table":8,"minecraft:leave_game":2,"minecraft:time_since_death":40119,"minecraft:sleep_in_bed":1,"minecraft:time_since_rest":4553,"minecraft:sprint_one_cm":55140,"minecraft:damage_taken":346,"minecraft:walk_one_cm":71742,"minecraft:drop":99,"minecraft:damage_dealt":471,"minecraft:swim_one_cm":15263,"minecraft:talked_to_villager":5,"minecraft:fly_one_cm":101233,"minecraft:player_kills":1,"minecraft:open_chest":2,"minecraft:crouch_one_cm":10403,"minecraft:play_time":40119,"minecraft:sneak_time":3870,"minecraft:walk_under_water_one_cm":2438,"minecraft:jump":601,"minecraft:walk_on_water_one_cm":3213,"minecraft:total_world_time":40119,"minecraft:fall_one_cm":18223}},"DataVersion":2975}