{"stats":{"minecraft:picked_up":{"minecraft:wooden_axe":1,"minecraft:crafting_table":3,"minecraft:wheat":6,"minecraft:clay_ball":42,"minecraft:water_bucket":1,"minecraft:leather":6,"minecraft:potato":3,"minecraft:oak_log":33,"minecraft:yellow_bed":2,"minecraft:lapis_lazuli":24,"minecraft:dirt":584,"minecraft:bone":2,"minecraft:wheat_seeds":42,"minecraft:iron_ingot":4,"minecraft:beef":8,"minecraft:light_gray_wool":1,"minecraft:chest":1,"minecraft:oak_planks":8,"minecraft:furnace":2,"minecraft:stick":5,"minecraft:raw_iron":22,"minecraft:pumpkin":7,"minecraft:oak_fence":4,"minecraft:dandelion":2,"minecraft:porkchop":3,"minecraft:diorite":19,"minecraft:white_bed":7,"minecraft:carrot":16,"minecraft:pumpkin_seeds":24,"minecraft:arrow":1,"minecraft:rotten_flesh":5,"minecraft:diamond":2,"minecraft:hay_block":12,"minecraft:granite":2,"minecraft:carved_pumpkin":6,"minecraft:oak_sapling":1,"minecraft:mutton":4,"minecraft:coal":41,"minecraft:white_wool":3,"minecraft:cobblestone":115,"minecraft:oxeye_daisy":1},"minecraft:killed":{"minecraft:pig":1,"minecraft:sheep":2,"minecraft:zombie":1,"minecraft:cow":4},"minecraft:mined":{"minecraft:diamond_ore":2,"minecraft:white_bed":7,"minecraft:dandelion":1,"minecraft:clay":11,"minecraft:oak_fence":4,"minecraft:carved_pumpkin":6,"minecraft:crafting_table":3,"minecraft:granite":2,"minecraft:grass_block":519,"minecraft:poppy":1,"minecraft:chest":1,"minecraft:tall_grass":6,"minecraft:cobblestone":4,"minecraft:lapis_ore":4,"minecraft:oak_planks":6,"minecraft:wall_torch":1,"minecraft:diorite":19,"minecraft:hay_block":13,"minecraft:carrots":8,"minecraft:furnace":2,"minecraft:iron_ore":22,"minecraft:fire":1,"minecraft:wheat":6,"minecraft:pumpkin":7,"minecraft:yellow_bed":2,"minecraft:grass":31,"minecraft:potatoes":2,"minecraft:oak_log":33,"minecraft:coal_ore":35,"minecraft:dirt_path":6,"minecraft:dirt":51,"minecraft:stone":112,"minecraft:oak_leaves":11},"minecraft:custom":{"minecraft:interact_with_furnace":43,"minecraft:mob_kills":8,"minecraft:animals_bred":1,"minecraft:traded_with_villager":4,"minecraft:interact_with_crafting_table":19,"minecraft:leave_game":2,"minecraft:time_since_death":85963,"minecraft:sleep_in_bed":6,"minecraft:climb_one_cm":1112,"minecraft:time_since_rest":125,"minecraft:sprint_one_cm":148007,"minecraft:damage_taken":881,"minecraft:walk_one_cm":174804,"minecraft:damage_blocked_by_shield":580,"minecraft:drop":158,"minecraft:damage_dealt":1112,"minecraft:swim_one_cm":16686,"minecraft:talked_to_villager":5,"minecraft:player_kills":1,"minecraft:fly_one_cm":263343,"minecraft:open_chest":5,"minecraft:crouch_one_cm":37425,"minecraft:play_time":85963,"minecraft:sneak_time":10064,"minecraft:walk_under_water_one_cm":3437,"minecraft:jump":1387,"minecraft:walk_on_water_one_cm":11360,"minecraft:total_world_time":85963,"minecraft:fall_one_cm":43973},"minecraft:dropped":{"minecraft:water_bucket":1,"minecraft:bread":38,"minecraft:wheat_seeds":2,"minecraft:diamond":1,"minecraft:raw_iron":1,"minecraft:oak_fence":5,"minecraft:cobblestone":13,"minecraft:rotten_flesh":2,"minecraft:clay_ball":12,"minecraft:oak_planks":1,"minecraft:iron_hoe":1,"minecraft:stick":5,"minecraft:oxeye_daisy":1,"minecraft:dirt":80,"minecraft:diorite":10,"minecraft:wooden_axe":1},"minecraft:used":{"minecraft:oak_fence":40,"minecraft:wheat_seeds":18,"minecraft:water_bucket":16,"minecraft:diorite":9,"minecraft:stone_pickaxe":96,"minecraft:stone_shovel":134,"minecraft:oak_planks":12,"minecraft:wooden_pickaxe":30,"minecraft:shield":21,"minecraft:iron_sword":16,"minecraft:rotten_flesh":3,"minecraft:dirt":212,"minecraft:white_carpet":3,"minecraft:crafting_table":4,"minecraft:carrot":16,"minecraft:white_bed":7,"minecraft:golden_chestplate":1,"minecraft:pumpkin_seeds":24,"minecraft:shears":6,"minecraft:iron_hoe":83,"minecraft:wooden_axe":40,"minecraft:diamond_shovel":409,"minecraft:bread":4,"minecraft:iron_pickaxe":76,"minecraft:light_gray_wool":1,"minecraft:stone_axe":28,"minecraft:cobblestone":53,"minecraft:oak_sapling":1,"minecraft:furnace":2,"minecraft:cooked_porkchop":3,"minecraft:bucket":16,"minecraft:yellow_bed":2,"minecraft:cooked_beef":2,"minecraft:potato":3,"minecraft:cooked_mutton":4,"minecraft:pumpkin":7},"minecraft:broken":{"minecraft:stone_shovel":1},"minecraft:crafted":{"minecraft:cooked_beef":2,"minecraft:oak_planks":132,"minecraft:stone_shovel":1,"minecraft:emerald":3,"minecraft:cooked_porkchop":3,"minecraft:crafting_table":3,"minecraft:wooden_pickaxe":1,"minecraft:iron_sword":1,"minecraft:furnace":2,"minecraft:bucket":1,"minecraft:diamond_shovel":1,"minecraft:stone_axe":1,"minecraft:white_carpet":3,"minecraft:cooked_mutton":4,"minecraft:bread":42,"minecraft:iron_boots":1,"minecraft:iron_chestplate":1,"minecraft:shield":1,"minecraft:iron_hoe":1,"minecraft:stick":52,"minecraft:iron_ingot":21,"minecraft:iron_pickaxe":1,"minecraft:stone_pickaxe":1,"minecraft:wooden_axe":1,"minecraft:oak_fence":42,"minecraft:shears":1,"minecraft:wheat":108}},"DataVersion":2975}