{"stats":{"minecraft:mined":{"minecraft:diamond_ore":2,"minecraft:dandelion":1,"minecraft:crafting_table":3,"minecraft:granite":2,"minecraft:grass_block":75,"minecraft:chest":1,"minecraft:tall_grass":1,"minecraft:cobblestone":3,"minecraft:lapis_ore":4,"minecraft:diorite":17,"minecraft:hay_block":13,"minecraft:furnace":2,"minecraft:iron_ore":22,"minecraft:fire":1,"minecraft:grass":8,"minecraft:oak_log":10,"minecraft:coal_ore":35,"minecraft:dirt_path":6,"minecraft:dirt":10,"minecraft:stone":112,"minecraft:oak_leaves":1},"minecraft:dropped":{"minecraft:diamond":1,"minecraft:raw_iron":1,"minecraft:cobblestone":13,"minecraft:rotten_flesh":2,"minecraft:dirt":80},"minecraft:crafted":{"minecraft:oak_planks":40,"minecraft:stone_shovel":1,"minecraft:cooked_porkchop":3,"minecraft:crafting_table":3,"minecraft:wooden_pickaxe":1,"minecraft:furnace":2,"minecraft:bucket":1,"minecraft:cooked_mutton":4,"minecraft:iron_hoe":1,"minecraft:stick":12,"minecraft:iron_ingot":21,"minecraft:iron_pickaxe":1,"minecraft:stone_pickaxe":1,"minecraft:wooden_axe":1},"minecraft:picked_up":{"minecraft:crafting_table":3,"minecraft:oak_log":10,"minecraft:lapis_lazuli":24,"minecraft:dirt":81,"minecraft:wheat_seeds":5,"minecraft:light_gray_wool":1,"minecraft:chest":1,"minecraft:oak_planks":1,"minecraft:furnace":2,"minecraft:raw_iron":22,"minecraft:dandelion":2,"minecraft:porkchop":3,"minecraft:diorite":17,"minecraft:rotten_flesh":2,"minecraft:diamond":2,"minecraft:hay_block":12,"minecraft:granite":2,"minecraft:mutton":4,"minecraft:coal":41,"minecraft:white_wool":1,"minecraft:cobblestone":114,"minecraft:oxeye_daisy":1},"minecraft:killed":{"minecraft:pig":1,"minecraft:sheep":2},"minecraft:used":{"minecraft:cooked_mutton":1,"minecraft:water_bucket":7,"minecraft:stone_shovel":63,"minecraft:stone_pickaxe":96,"minecraft:wooden_pickaxe":30,"minecraft:dirt":1,"minecraft:crafting_table":4,"minecraft:golden_chestplate":1,"minecraft:iron_hoe":78,"minecraft:wooden_axe":23,"minecraft:iron_pickaxe":73,"minecraft:cobblestone":53,"minecraft:furnace":2,"minecraft:cooked_porkchop":2,"minecraft:bucket":7},"minecraft:custom":{"minecraft:interact_with_furnace":41,"minecraft:mob_kills":3,"minecraft:interact_with_crafting_table":8,"minecraft:leave_game":1,"minecraft:time_since_death":28204,"minecraft:time_since_rest":28204,"minecraft:sprint_one_cm":30064,"minecraft:damage_taken":196,"minecraft:walk_one_cm":43183,"minecraft:drop":85,"minecraft:damage_dealt":315,"minecraft:player_kills":1,"minecraft:fly_one_cm":59242,"minecraft:open_chest":2,"minecraft:crouch_one_cm":9175,"minecraft:play_time":28204,"minecraft:sneak_time":3180,"minecraft:jump":394,"minecraft:walk_on_water_one_cm":713,"minecraft:total_world_time":28204,"minecraft:fall_one_cm":11175}},"DataVersion":2975}