{"stats":{"minecraft:picked_up":{"minecraft:wooden_axe":1,"minecraft:crafting_table":3,"minecraft:wheat":6,"minecraft:clay_ball":42,"minecraft:beef":18,"minecraft:poppy":2,"minecraft:light_gray_wool":1,"minecraft:chest":4,"minecraft:furnace":3,"minecraft:stick":5,"minecraft:raw_iron":22,"minecraft:oak_fence":17,"minecraft:torch":2,"minecraft:porkchop":3,"minecraft:diorite":19,"minecraft:carrot":16,"minecraft:arrow":3,"minecraft:rotten_flesh":5,"minecraft:hay_block":12,"minecraft:carved_pumpkin":6,"minecraft:mutton":10,"minecraft:cobblestone":135,"minecraft:white_wool":20,"minecraft:oxeye_daisy":1,"minecraft:cooked_beef":2,"minecraft:water_bucket":1,"minecraft:leather":9,"minecraft:potato":3,"minecraft:oak_log":47,"minecraft:yellow_bed":7,"minecraft:lapis_lazuli":24,"minecraft:dirt":614,"minecraft:bone":6,"minecraft:wheat_seeds":43,"minecraft:iron_ingot":12,"minecraft:oak_planks":16,"minecraft:oak_slab":2,"minecraft:pumpkin":7,"minecraft:dandelion":2,"minecraft:white_bed":27,"minecraft:pumpkin_seeds":24,"minecraft:diamond":2,"minecraft:granite":2,"minecraft:oak_sapling":1,"minecraft:coal":72,"minecraft:hopper":3},"minecraft:killed":{"minecraft:skeleton":1,"minecraft:pig":1,"minecraft:iron_golem":2,"minecraft:sheep":5,"minecraft:zombie":1,"minecraft:cow":7},"minecraft:mined":{"minecraft:diamond_ore":2,"minecraft:white_bed":27,"minecraft:carved_pumpkin":6,"minecraft:granite":2,"minecraft:grass_block":525,"minecraft:hopper":3,"minecraft:hay_block":13,"minecraft:furnace":3,"minecraft:carrots":8,"minecraft:iron_ore":22,"minecraft:fire":1,"minecraft:pumpkin":7,"minecraft:potatoes":2,"minecraft:dirt_path":6,"minecraft:stone":112,"minecraft:white_wool":12,"minecraft:oak_slab":2,"minecraft:dandelion":1,"minecraft:oak_fence":9,"minecraft:clay":11,"minecraft:crafting_table":3,"minecraft:poppy":1,"minecraft:chest":4,"minecraft:tall_grass":6,"minecraft:cobblestone":27,"minecraft:lapis_ore":4,"minecraft:oak_planks":14,"minecraft:diorite":19,"minecraft:wall_torch":1,"minecraft:wheat":6,"minecraft:yellow_bed":7,"minecraft:grass":37,"minecraft:oak_log":43,"minecraft:coal_ore":35,"minecraft:dirt":75,"minecraft:oak_leaves":11},"minecraft:custom":{"minecraft:mob_kills":17,"minecraft:animals_bred":3,"minecraft:inspect_hopper":2,"minecraft:interact_with_crafting_table":25,"minecraft:bell_ring":14,"minecraft:leave_game":8,"minecraft:time_since_death":125588,"minecraft:climb_one_cm":1112,"minecraft:sprint_one_cm":217183,"minecraft:walk_one_cm":252036,"minecraft:damage_blocked_by_shield":730,"minecraft:drop":161,"minecraft:talked_to_villager":9,"minecraft:play_time":125588,"minecraft:sneak_time":13211,"minecraft:walk_under_water_one_cm":3437,"minecraft:jump":2183,"minecraft:walk_on_water_one_cm":12036,"minecraft:total_world_time":125588,"minecraft:interact_with_furnace":49,"minecraft:traded_with_villager":4,"minecraft:sleep_in_bed":8,"minecraft:time_since_rest":12618,"minecraft:damage_taken":1222,"minecraft:damage_dealt":3792,"minecraft:swim_one_cm":16686,"minecraft:fly_one_cm":391452,"minecraft:player_kills":1,"minecraft:open_chest":12,"minecraft:crouch_one_cm":41916,"minecraft:fall_one_cm":65673},"minecraft:dropped":{"minecraft:water_bucket":1,"minecraft:bread":38,"minecraft:wheat_seeds":2,"minecraft:diamond":1,"minecraft:oak_fence":13,"minecraft:cobblestone":13,"minecraft:stick":5,"minecraft:oxeye_daisy":1,"minecraft:dirt":82,"minecraft:diorite":10,"minecraft:wooden_axe":1,"minecraft:raw_iron":1,"minecraft:rotten_flesh":2,"minecraft:clay_ball":12,"minecraft:oak_planks":1,"minecraft:iron_hoe":1},"minecraft:used":{"minecraft:oak_fence":52,"minecraft:stone_shovel":134,"minecraft:chest":4,"minecraft:shield":25,"minecraft:iron_sword":55,"minecraft:rotten_flesh":3,"minecraft:torch":1,"minecraft:dirt":233,"minecraft:white_carpet":3,"minecraft:hopper":4,"minecraft:carrot":16,"minecraft:golden_chestplate":1,"minecraft:granite":2,"minecraft:iron_hoe":83,"minecraft:wooden_axe":40,"minecraft:light_gray_wool":1,"minecraft:beef":3,"minecraft:oak_sapling":1,"minecraft:furnace":5,"minecraft:cooked_beef":8,"minecraft:potato":3,"minecraft:pumpkin":7,"minecraft:wheat_seeds":18,"minecraft:cooked_mutton":4,"minecraft:water_bucket":16,"minecraft:diorite":9,"minecraft:stone_pickaxe":102,"minecraft:oak_planks":21,"minecraft:wooden_pickaxe":30,"minecraft:white_wool":18,"minecraft:oak_slab":8,"minecraft:crafting_table":4,"minecraft:white_bed":26,"minecraft:shears":18,"minecraft:pumpkin_seeds":24,"minecraft:oak_log":1,"minecraft:diamond_shovel":409,"minecraft:bread":4,"minecraft:iron_pickaxe":98,"minecraft:stone_axe":56,"minecraft:cobblestone":96,"minecraft:cooked_porkchop":3,"minecraft:bucket":17,"minecraft:yellow_bed":7,"minecraft:bone_meal":6},"minecraft:broken":{"minecraft:stone_shovel":1},"minecraft:crafted":{"minecraft:oak_planks":164,"minecraft:stone_shovel":1,"minecraft:furnace":2,"minecraft:bone_meal":6,"minecraft:diamond_shovel":1,"minecraft:white_carpet":3,"minecraft:cooked_mutton":4,"minecraft:hopper":1,"minecraft:iron_boots":1,"minecraft:iron_hoe":1,"minecraft:stone_pickaxe":1,"minecraft:chest":1,"minecraft:oak_fence":54,"minecraft:wheat":108,"minecraft:cooked_beef":6,"minecraft:oak_slab":6,"minecraft:emerald":3,"minecraft:cooked_porkchop":3,"minecraft:crafting_table":3,"minecraft:wooden_pickaxe":1,"minecraft:iron_sword":1,"minecraft:bucket":1,"minecraft:stone_axe":1,"minecraft:bread":42,"minecraft:iron_chestplate":1,"minecraft:shield":1,"minecraft:stick":60,"minecraft:iron_ingot":21,"minecraft:iron_pickaxe":1,"minecraft:wooden_axe":1,"minecraft:shears":1}},"DataVersion":2975}