{"stats":{"minecraft:mined":{"minecraft:diamond_ore":2,"minecraft:white_bed":3,"minecraft:dandelion":1,"minecraft:carved_pumpkin":6,"minecraft:clay":11,"minecraft:crafting_table":3,"minecraft:granite":2,"minecraft:grass_block":510,"minecraft:poppy":1,"minecraft:chest":1,"minecraft:tall_grass":6,"minecraft:cobblestone":4,"minecraft:lapis_ore":4,"minecraft:diorite":19,"minecraft:wall_torch":1,"minecraft:hay_block":13,"minecraft:furnace":2,"minecraft:carrots":8,"minecraft:iron_ore":22,"minecraft:fire":1,"minecraft:pumpkin":7,"minecraft:grass":23,"minecraft:oak_log":13,"minecraft:potatoes":2,"minecraft:coal_ore":35,"minecraft:dirt_path":6,"minecraft:dirt":37,"minecraft:stone":112,"minecraft:oak_leaves":1},"minecraft:dropped":{"minecraft:water_bucket":1,"minecraft:bread":38,"minecraft:diamond":1,"minecraft:raw_iron":1,"minecraft:cobblestone":13,"minecraft:rotten_flesh":2,"minecraft:clay_ball":12,"minecraft:iron_hoe":1,"minecraft:stick":5,"minecraft:oxeye_daisy":1,"minecraft:dirt":80,"minecraft:diorite":10,"minecraft:wooden_axe":1},"minecraft:broken":{"minecraft:stone_shovel":1},"minecraft:crafted":{"minecraft:oak_planks":52,"minecraft:stone_shovel":1,"minecraft:emerald":3,"minecraft:cooked_porkchop":3,"minecraft:crafting_table":3,"minecraft:wooden_pickaxe":1,"minecraft:iron_sword":1,"minecraft:furnace":2,"minecraft:bucket":1,"minecraft:diamond_shovel":1,"minecraft:bread":42,"minecraft:cooked_mutton":4,"minecraft:iron_boots":1,"minecraft:iron_chestplate":1,"minecraft:shield":1,"minecraft:iron_hoe":1,"minecraft:stick":20,"minecraft:iron_ingot":21,"minecraft:iron_pickaxe":1,"minecraft:stone_pickaxe":1,"minecraft:wooden_axe":1,"minecraft:shears":1,"minecraft:wheat":108},"minecraft:picked_up":{"minecraft:wooden_axe":1,"minecraft:crafting_table":3,"minecraft:water_bucket":1,"minecraft:clay_ball":42,"minecraft:leather":6,"minecraft:potato":3,"minecraft:oak_log":13,"minecraft:lapis_lazuli":24,"minecraft:dirt":532,"minecraft:bone":2,"minecraft:wheat_seeds":22,"minecraft:beef":8,"minecraft:iron_ingot":4,"minecraft:light_gray_wool":1,"minecraft:chest":1,"minecraft:oak_planks":3,"minecraft:furnace":2,"minecraft:stick":5,"minecraft:raw_iron":22,"minecraft:pumpkin":7,"minecraft:dandelion":2,"minecraft:porkchop":3,"minecraft:diorite":19,"minecraft:white_bed":3,"minecraft:carrot":16,"minecraft:pumpkin_seeds":24,"minecraft:arrow":1,"minecraft:rotten_flesh":2,"minecraft:diamond":2,"minecraft:hay_block":12,"minecraft:granite":2,"minecraft:carved_pumpkin":6,"minecraft:mutton":4,"minecraft:coal":41,"minecraft:white_wool":1,"minecraft:cobblestone":115,"minecraft:oxeye_daisy":1},"minecraft:killed":{"minecraft:pig":1,"minecraft:sheep":2,"minecraft:cow":4},"minecraft:used":{"minecraft:cooked_mutton":4,"minecraft:water_bucket":9,"minecraft:diorite":9,"minecraft:stone_pickaxe":96,"minecraft:stone_shovel":134,"minecraft:oak_planks":3,"minecraft:shield":14,"minecraft:wooden_pickaxe":30,"minecraft:iron_sword":11,"minecraft:dirt":160,"minecraft:crafting_table":4,"minecraft:carrot":16,"minecraft:white_bed":1,"minecraft:golden_chestplate":1,"minecraft:shears":6,"minecraft:iron_hoe":83,"minecraft:wooden_axe":40,"minecraft:diamond_shovel":409,"minecraft:bread":4,"minecraft:iron_pickaxe":76,"minecraft:light_gray_wool":1,"minecraft:cobblestone":53,"minecraft:furnace":2,"minecraft:cooked_porkchop":3,"minecraft:bucket":10,"minecraft:potato":3,"minecraft:pumpkin":7},"minecraft:custom":{"minecraft:interact_with_furnace":41,"minecraft:mob_kills":7,"minecraft:traded_with_villager":4,"minecraft:interact_with_crafting_table":16,"minecraft:leave_game":2,"minecraft:time_since_death":64119,"minecraft:sleep_in_bed":2,"minecraft:time_since_rest":11065,"minecraft:sprint_one_cm":103492,"minecraft:damage_taken":607,"minecraft:walk_one_cm":119173,"minecraft:damage_blocked_by_shield":490,"minecraft:drop":150,"minecraft:damage_dealt":912,"minecraft:swim_one_cm":15263,"minecraft:talked_to_villager":5,"minecraft:fly_one_cm":198676,"minecraft:player_kills":1,"minecraft:open_chest":3,"minecraft:crouch_one_cm":31664,"minecraft:play_time":64119,"minecraft:sneak_time":8498,"minecraft:walk_under_water_one_cm":2547,"minecraft:jump":1064,"minecraft:walk_on_water_one_cm":4417,"minecraft:total_world_time":64119,"minecraft:fall_one_cm":34507}},"DataVersion":2975}