{"stats":{"minecraft:mined":{"minecraft:diamond_ore":2,"minecraft:white_bed":7,"minecraft:dandelion":1,"minecraft:oak_fence":4,"minecraft:carved_pumpkin":6,"minecraft:clay":11,"minecraft:crafting_table":3,"minecraft:granite":2,"minecraft:grass_block":516,"minecraft:poppy":1,"minecraft:chest":1,"minecraft:tall_grass":6,"minecraft:cobblestone":4,"minecraft:lapis_ore":4,"minecraft:diorite":19,"minecraft:wall_torch":1,"minecraft:hay_block":13,"minecraft:furnace":2,"minecraft:carrots":8,"minecraft:wheat":6,"minecraft:iron_ore":22,"minecraft:fire":1,"minecraft:pumpkin":7,"minecraft:grass":31,"minecraft:oak_log":33,"minecraft:potatoes":2,"minecraft:coal_ore":35,"minecraft:dirt_path":6,"minecraft:dirt":50,"minecraft:stone":112,"minecraft:oak_leaves":11},"minecraft:dropped":{"minecraft:water_bucket":1,"minecraft:bread":38,"minecraft:wheat_seeds":2,"minecraft:diamond":1,"minecraft:raw_iron":1,"minecraft:oak_fence":5,"minecraft:cobblestone":13,"minecraft:rotten_flesh":2,"minecraft:clay_ball":12,"minecraft:oak_planks":1,"minecraft:iron_hoe":1,"minecraft:stick":5,"minecraft:oxeye_daisy":1,"minecraft:dirt":80,"minecraft:diorite":10,"minecraft:wooden_axe":1},"minecraft:broken":{"minecraft:stone_shovel":1},"minecraft:crafted":{"minecraft:cooked_beef":2,"minecraft:oak_planks":132,"minecraft:stone_shovel":1,"minecraft:emerald":3,"minecraft:cooked_porkchop":3,"minecraft:crafting_table":3,"minecraft:wooden_pickaxe":1,"minecraft:iron_sword":1,"minecraft:furnace":2,"minecraft:bucket":1,"minecraft:diamond_shovel":1,"minecraft:stone_axe":1,"minecraft:bread":42,"minecraft:cooked_mutton":4,"minecraft:iron_boots":1,"minecraft:iron_chestplate":1,"minecraft:shield":1,"minecraft:iron_hoe":1,"minecraft:stick":52,"minecraft:iron_ingot":21,"minecraft:iron_pickaxe":1,"minecraft:stone_pickaxe":1,"minecraft:wooden_axe":1,"minecraft:oak_fence":42,"minecraft:shears":1,"minecraft:wheat":108},"minecraft:picked_up":{"minecraft:wooden_axe":1,"minecraft:wheat":6,"minecraft:crafting_table":3,"minecraft:water_bucket":1,"minecraft:clay_ball":42,"minecraft:leather":6,"minecraft:potato":3,"minecraft:oak_log":33,"minecraft:lapis_lazuli":24,"minecraft:dirt":581,"minecraft:bone":2,"minecraft:wheat_seeds":42,"minecraft:beef":8,"minecraft:iron_ingot":4,"minecraft:light_gray_wool":1,"minecraft:chest":1,"minecraft:oak_planks":4,"minecraft:furnace":2,"minecraft:stick":5,"minecraft:raw_iron":22,"minecraft:pumpkin":7,"minecraft:oak_fence":4,"minecraft:dandelion":2,"minecraft:porkchop":3,"minecraft:diorite":19,"minecraft:white_bed":7,"minecraft:carrot":16,"minecraft:pumpkin_seeds":24,"minecraft:arrow":1,"minecraft:rotten_flesh":4,"minecraft:diamond":2,"minecraft:hay_block":12,"minecraft:granite":2,"minecraft:carved_pumpkin":6,"minecraft:oak_sapling":1,"minecraft:mutton":4,"minecraft:coal":41,"minecraft:white_wool":1,"minecraft:cobblestone":115,"minecraft:oxeye_daisy":1},"minecraft:killed":{"minecraft:pig":1,"minecraft:sheep":2,"minecraft:cow":4},"minecraft:used":{"minecraft:wheat_seeds":18,"minecraft:cooked_mutton":4,"minecraft:water_bucket":16,"minecraft:diorite":9,"minecraft:stone_pickaxe":96,"minecraft:stone_shovel":134,"minecraft:oak_planks":5,"minecraft:shield":19,"minecraft:wooden_pickaxe":30,"minecraft:iron_sword":12,"minecraft:rotten_flesh":2,"minecraft:dirt":204,"minecraft:crafting_table":4,"minecraft:carrot":16,"minecraft:white_bed":7,"minecraft:golden_chestplate":1,"minecraft:shears":6,"minecraft:iron_hoe":83,"minecraft:wooden_axe":40,"minecraft:diamond_shovel":409,"minecraft:bread":4,"minecraft:iron_pickaxe":76,"minecraft:stone_axe":24,"minecraft:light_gray_wool":1,"minecraft:cobblestone":53,"minecraft:furnace":2,"minecraft:cooked_porkchop":3,"minecraft:bucket":16,"minecraft:cooked_beef":2,"minecraft:potato":3,"minecraft:oak_fence":40,"minecraft:pumpkin":7},"minecraft:custom":{"minecraft:interact_with_furnace":43,"minecraft:mob_kills":7,"minecraft:traded_with_villager":4,"minecraft:interact_with_crafting_table":19,"minecraft:leave_game":2,"minecraft:time_since_death":76119,"minecraft:sleep_in_bed":3,"minecraft:climb_one_cm":1112,"minecraft:time_since_rest":8953,"minecraft:sprint_one_cm":132724,"minecraft:damage_taken":781,"minecraft:walk_one_cm":146369,"minecraft:damage_blocked_by_shield":535,"minecraft:drop":158,"minecraft:damage_dealt":912,"minecraft:swim_one_cm":16686,"minecraft:talked_to_villager":5,"minecraft:fly_one_cm":254040,"minecraft:player_kills":1,"minecraft:open_chest":5,"minecraft:crouch_one_cm":35902,"minecraft:play_time":76119,"minecraft:sneak_time":9544,"minecraft:walk_under_water_one_cm":3184,"minecraft:jump":1305,"minecraft:walk_on_water_one_cm":8622,"minecraft:total_world_time":76119,"minecraft:fall_one_cm":42599}},"DataVersion":2975}