{"stats":{"minecraft:picked_up":{"minecraft:golden_apple":1},"minecraft:mined":{"minecraft:tall_grass":5,"minecraft:grass":6},"minecraft:custom":{"minecraft:jump":106,"minecraft:open_chest":2,"minecraft:time_since_rest":4936,"minecraft:damage_dealt":10,"minecraft:leave_game":3,"minecraft:crouch_one_cm":95,"minecraft:play_time":11423,"minecraft:sprint_one_cm":7141,"minecraft:damage_taken":10,"minecraft:time_since_death":11423,"minecraft:walk_one_cm":6353,"minecraft:sleep_in_bed":1,"minecraft:sneak_time":25,"minecraft:total_world_time":11423,"minecraft:fall_one_cm":2903,"minecraft:drop":1,"minecraft:fly_one_cm":25532,"minecraft:horse_one_cm":2376},"minecraft:dropped":{"minecraft:golden_apple":1},"minecraft:used":{"minecraft:golden_chestplate":1,"minecraft:golden_helmet":1}},"DataVersion":2975}