{"stats":{"minecraft:killed":{"minecraft:cave_spider":2,"minecraft:spider":3,"minecraft:horse":1,"minecraft:skeleton":17,"minecraft:pig":1,"minecraft:iron_golem":3,"minecraft:zombie":5},"minecraft:picked_up":{"minecraft:crafting_table":11,"minecraft:wheat":10,"minecraft:clay_ball":32,"minecraft:oak_stairs":2,"minecraft:oak_trapdoor":1,"minecraft:string":13,"minecraft:beetroot":8,"minecraft:cobbled_deepslate":106,"minecraft:oak_boat":2,"minecraft:poppy":3,"minecraft:sugar_cane":74,"minecraft:chest":1,"minecraft:furnace":19,"minecraft:egg":1,"minecraft:raw_iron":133,"minecraft:oak_door":2,"minecraft:composter":6,"minecraft:oak_fence":5,"minecraft:torch":5,"minecraft:porkchop":3,"minecraft:diorite":6,"minecraft:carrot":107,"minecraft:redstone":204,"minecraft:arrow":18,"minecraft:rotten_flesh":10,"minecraft:stone_shovel":1,"minecraft:beetroot_seeds":25,"minecraft:hay_block":4,"minecraft:gold_ingot":1,"minecraft:obsidian":5,"minecraft:cobblestone":252,"minecraft:rail":3,"minecraft:oxeye_daisy":4,"minecraft:cooked_beef":6,"minecraft:glow_ink_sac":10,"minecraft:water_bucket":2,"minecraft:andesite":49,"minecraft:leather":2,"minecraft:potato":48,"minecraft:tuff":4,"minecraft:oak_log":70,"minecraft:yellow_bed":7,"minecraft:cobblestone_stairs":2,"minecraft:lapis_lazuli":253,"minecraft:dirt":459,"minecraft:cooked_mutton":6,"minecraft:bone":10,"minecraft:apple":6,"minecraft:bow":2,"minecraft:wheat_seeds":175,"minecraft:raw_gold":56,"minecraft:stone_pickaxe":1,"minecraft:iron_ingot":46,"minecraft:oak_planks":49,"minecraft:oak_slab":3,"minecraft:cooked_porkchop":3,"minecraft:dandelion":1,"minecraft:oak_pressure_plate":3,"minecraft:poisonous_potato":1,"minecraft:gravel":18,"minecraft:white_bed":7,"minecraft:spider_eye":2,"minecraft:iron_hoe":2,"minecraft:diamond":18,"minecraft:stone_axe":1,"minecraft:granite":7,"minecraft:bread":73,"minecraft:oak_sapling":7,"minecraft:coal":289},"minecraft:used":{"minecraft:enchanting_table":1,"minecraft:stone_shovel":112,"minecraft:chest":4,"minecraft:shield":80,"minecraft:torch":169,"minecraft:dirt":176,"minecraft:carrot":50,"minecraft:granite":1,"minecraft:iron_hoe":9,"minecraft:iron_axe":65,"minecraft:hay_block":1,"minecraft:furnace":23,"minecraft:egg":1,"minecraft:cooked_beef":1,"minecraft:cobbled_deepslate":8,"minecraft:water_bucket":30,"minecraft:diorite":1,"minecraft:stone_pickaxe":109,"minecraft:oak_planks":178,"minecraft:composter":2,"minecraft:cobblestone_slab":20,"minecraft:sugar_cane":32,"minecraft:crafting_table":14,"minecraft:white_bed":4,"minecraft:oak_log":1,"minecraft:diamond_pickaxe":88,"minecraft:apple":1,"minecraft:oxeye_daisy":4,"minecraft:bread":44,"minecraft:iron_pickaxe":625,"minecraft:stone_axe":151,"minecraft:cobblestone":176,"minecraft:cooked_porkchop":3,"minecraft:bucket":31,"minecraft:yellow_bed":3,"minecraft:oak_boat":1,"minecraft:dandelion":1},"minecraft:custom":{"minecraft:mob_kills":32,"minecraft:interact_with_crafting_table":36,"minecraft:bell_ring":7,"minecraft:leave_game":11,"minecraft:time_since_death":138418,"minecraft:sprint_one_cm":341826,"minecraft:walk_one_cm":493202,"minecraft:damage_blocked_by_shield":6315,"minecraft:drop":73,"minecraft:talked_to_villager":7,"minecraft:play_time":192335,"minecraft:sneak_time":23418,"minecraft:deaths":6,"minecraft:walk_under_water_one_cm":14025,"minecraft:jump":3374,"minecraft:walk_on_water_one_cm":40483,"minecraft:total_world_time":192335,"minecraft:interact_with_furnace":83,"minecraft:sleep_in_bed":10,"minecraft:time_since_rest":131992,"minecraft:damage_taken":3275,"minecraft:damage_dealt":7457,"minecraft:swim_one_cm":14244,"minecraft:fly_one_cm":516808,"minecraft:open_chest":17,"minecraft:crouch_one_cm":63228,"minecraft:fall_one_cm":85901},"minecraft:broken":{"minecraft:shield":2,"minecraft:stone_axe":1,"minecraft:iron_pickaxe":2},"minecraft:mined":{"minecraft:tuff":4,"minecraft:white_bed":4,"minecraft:farmland":2,"minecraft:deepslate_diamond_ore":16,"minecraft:oak_door":1,"minecraft:cobblestone_stairs":1,"minecraft:obsidian":5,"minecraft:granite":8,"minecraft:grass_block":43,"minecraft:composter":4,"minecraft:oxeye_daisy":4,"minecraft:hay_block":2,"minecraft:oak_trapdoor":1,"minecraft:furnace":19,"minecraft:carrots":30,"minecraft:cobbled_deepslate":6,"minecraft:iron_ore":130,"minecraft:fire":2,"minecraft:andesite":50,"minecraft:deepslate_lapis_ore":25,"minecraft:potatoes":12,"minecraft:dirt_path":29,"minecraft:deepslate_iron_ore":1,"minecraft:rail":2,"minecraft:oak_stairs":1,"minecraft:stone":203,"minecraft:deepslate_redstone_ore":45,"minecraft:oak_slab":2,"minecraft:glass_pane":1,"minecraft:dandelion":1,"minecraft:oak_fence":4,"minecraft:clay":1,"minecraft:crafting_table":11,"minecraft:chest":1,"minecraft:tall_grass":6,"minecraft:cobblestone":34,"minecraft:lapis_ore":13,"minecraft:deepslate_gold_ore":43,"minecraft:sugar_cane":39,"minecraft:oak_planks":48,"minecraft:diorite":15,"minecraft:wall_torch":3,"minecraft:wheat":68,"minecraft:yellow_bed":3,"minecraft:grass":38,"minecraft:oak_log":59,"minecraft:coal_ore":92,"minecraft:beetroots":8,"minecraft:gravel":8,"minecraft:dirt":41,"minecraft:gold_ore":12,"minecraft:oak_leaves":13,"minecraft:deepslate":96},"minecraft:crafted":{"minecraft:oak_planks":232,"minecraft:cobblestone_slab":30,"minecraft:stone_shovel":1,"minecraft:furnace":4,"minecraft:bow":1,"minecraft:iron_boots":1,"minecraft:iron_axe":1,"minecraft:stone_pickaxe":1,"minecraft:chest":3,"minecraft:redstone_block":20,"minecraft:wheat":9,"minecraft:crafting_table":3,"minecraft:enchanting_table":1,"minecraft:iron_helmet":1,"minecraft:bucket":1,"minecraft:stone_axe":2,"minecraft:bread":6,"minecraft:air":0,"minecraft:oak_boat":1,"minecraft:book":1,"minecraft:iron_chestplate":1,"minecraft:paper":3,"minecraft:diamond_pickaxe":1,"minecraft:shield":3,"minecraft:stick":68,"minecraft:iron_ingot":91,"minecraft:iron_pickaxe":4,"minecraft:iron_block":10,"minecraft:iron_leggings":1,"minecraft:gold_ingot":27,"minecraft:torch":184,"minecraft:lapis_block":28},"minecraft:dropped":{"minecraft:water_bucket":2,"minecraft:wheat_seeds":23,"minecraft:lapis_lazuli":1,"minecraft:oak_pressure_plate":2,"minecraft:glow_ink_sac":7,"minecraft:poisonous_potato":1,"minecraft:oak_fence":3,"minecraft:cobblestone":17,"minecraft:apple":3,"minecraft:granite":6,"minecraft:rail":3,"minecraft:stick":2,"minecraft:dirt":17,"minecraft:diorite":5,"minecraft:oak_stairs":1,"minecraft:string":5,"minecraft:oak_door":1,"minecraft:gravel":18,"minecraft:stone_axe":1,"minecraft:cobbled_deepslate":98,"minecraft:tuff":4,"minecraft:wheat":1,"minecraft:rotten_flesh":9,"minecraft:clay_ball":12,"minecraft:oak_planks":1,"minecraft:carrot":41,"minecraft:poppy":3,"minecraft:cobblestone_slab":10,"minecraft:andesite":49,"minecraft:oak_sapling":5,"minecraft:oak_boat":2,"minecraft:spider_eye":2,"minecraft:stone_pickaxe":1},"minecraft:killed_by":{"minecraft:player":1,"minecraft:spider":1,"minecraft:iron_golem":1,"minecraft:zombie":2}},"DataVersion":2975}