{"stats":{"minecraft:picked_up":{"minecraft:crafting_table":5,"minecraft:wheat":10,"minecraft:clay_ball":22,"minecraft:oak_stairs":2,"minecraft:string":4,"minecraft:beetroot":5,"minecraft:oak_boat":2,"minecraft:poppy":3,"minecraft:sugar_cane":27,"minecraft:egg":1,"minecraft:furnace":13,"minecraft:raw_iron":107,"minecraft:oak_door":2,"minecraft:composter":4,"minecraft:oak_fence":2,"minecraft:torch":3,"minecraft:porkchop":3,"minecraft:diorite":2,"minecraft:carrot":107,"minecraft:arrow":11,"minecraft:stone_shovel":1,"minecraft:rotten_flesh":9,"minecraft:beetroot_seeds":13,"minecraft:hay_block":4,"minecraft:cobblestone":216,"minecraft:oxeye_daisy":4,"minecraft:cooked_beef":6,"minecraft:glow_ink_sac":7,"minecraft:water_bucket":2,"minecraft:andesite":49,"minecraft:potato":27,"minecraft:oak_log":65,"minecraft:yellow_bed":7,"minecraft:cobblestone_stairs":1,"minecraft:lapis_lazuli":52,"minecraft:dirt":152,"minecraft:bone":5,"minecraft:apple":6,"minecraft:bow":2,"minecraft:wheat_seeds":111,"minecraft:raw_gold":4,"minecraft:iron_ingot":45,"minecraft:stone_pickaxe":1,"minecraft:oak_planks":45,"minecraft:cooked_porkchop":3,"minecraft:dandelion":1,"minecraft:oak_pressure_plate":3,"minecraft:poisonous_potato":1,"minecraft:white_bed":7,"minecraft:spider_eye":1,"minecraft:iron_hoe":2,"minecraft:diamond":1,"minecraft:stone_axe":1,"minecraft:granite":4,"minecraft:bread":73,"minecraft:oak_sapling":7,"minecraft:coal":249},"minecraft:killed_by":{"minecraft:player":1,"minecraft:spider":1,"minecraft:iron_golem":1,"minecraft:zombie":2},"minecraft:killed":{"minecraft:spider":1,"minecraft:skeleton":11,"minecraft:pig":1,"minecraft:iron_golem":3,"minecraft:zombie":1},"minecraft:mined":{"minecraft:white_bed":4,"minecraft:farmland":2,"minecraft:oak_door":1,"minecraft:cobblestone_stairs":1,"minecraft:granite":4,"minecraft:grass_block":23,"minecraft:composter":4,"minecraft:oxeye_daisy":4,"minecraft:hay_block":2,"minecraft:carrots":30,"minecraft:furnace":13,"minecraft:iron_ore":105,"minecraft:fire":2,"minecraft:andesite":50,"minecraft:potatoes":12,"minecraft:oak_stairs":1,"minecraft:stone":190,"minecraft:glass_pane":1,"minecraft:dandelion":1,"minecraft:oak_fence":1,"minecraft:clay":1,"minecraft:crafting_table":5,"minecraft:cobblestone":5,"minecraft:tall_grass":6,"minecraft:lapis_ore":8,"minecraft:oak_planks":44,"minecraft:sugar_cane":14,"minecraft:diorite":10,"minecraft:wall_torch":2,"minecraft:wheat":68,"minecraft:yellow_bed":3,"minecraft:grass":23,"minecraft:oak_log":54,"minecraft:coal_ore":92,"minecraft:beetroots":8,"minecraft:dirt":39,"minecraft:gold_ore":4,"minecraft:oak_leaves":13},"minecraft:custom":{"minecraft:mob_kills":17,"minecraft:interact_with_crafting_table":26,"minecraft:bell_ring":7,"minecraft:leave_game":9,"minecraft:time_since_death":62937,"minecraft:sprint_one_cm":214687,"minecraft:walk_one_cm":324159,"minecraft:damage_blocked_by_shield":3770,"minecraft:drop":44,"minecraft:talked_to_villager":6,"minecraft:play_time":116854,"minecraft:deaths":6,"minecraft:sneak_time":14469,"minecraft:walk_under_water_one_cm":4089,"minecraft:jump":1945,"minecraft:walk_on_water_one_cm":15917,"minecraft:total_world_time":116854,"minecraft:interact_with_furnace":46,"minecraft:sleep_in_bed":10,"minecraft:time_since_rest":56511,"minecraft:damage_taken":2201,"minecraft:damage_dealt":4975,"minecraft:swim_one_cm":7799,"minecraft:fly_one_cm":316480,"minecraft:open_chest":11,"minecraft:crouch_one_cm":41924,"minecraft:fall_one_cm":52450},"minecraft:dropped":{"minecraft:water_bucket":2,"minecraft:wheat_seeds":23,"minecraft:oak_pressure_plate":2,"minecraft:glow_ink_sac":7,"minecraft:poisonous_potato":1,"minecraft:oak_fence":1,"minecraft:cobblestone":10,"minecraft:apple":3,"minecraft:granite":3,"minecraft:dirt":15,"minecraft:diorite":2,"minecraft:oak_stairs":1,"minecraft:oak_door":1,"minecraft:wheat":1,"minecraft:rotten_flesh":6,"minecraft:clay_ball":12,"minecraft:oak_planks":1,"minecraft:carrot":41,"minecraft:poppy":3,"minecraft:andesite":49,"minecraft:oak_sapling":5,"minecraft:oak_boat":2,"minecraft:spider_eye":1},"minecraft:used":{"minecraft:stone_shovel":53,"minecraft:chest":1,"minecraft:shield":54,"minecraft:torch":98,"minecraft:dirt":161,"minecraft:carrot":50,"minecraft:iron_hoe":5,"minecraft:iron_axe":11,"minecraft:hay_block":1,"minecraft:furnace":13,"minecraft:egg":1,"minecraft:water_bucket":8,"minecraft:stone_pickaxe":98,"minecraft:oak_planks":159,"minecraft:composter":2,"minecraft:sugar_cane":27,"minecraft:crafting_table":6,"minecraft:white_bed":4,"minecraft:oak_log":1,"minecraft:apple":1,"minecraft:oxeye_daisy":4,"minecraft:bread":21,"minecraft:iron_pickaxe":384,"minecraft:stone_axe":151,"minecraft:cobblestone":12,"minecraft:bucket":9,"minecraft:yellow_bed":3,"minecraft:oak_boat":1,"minecraft:dandelion":1},"minecraft:broken":{"minecraft:shield":1,"minecraft:stone_axe":1,"minecraft:iron_pickaxe":1},"minecraft:crafted":{"minecraft:oak_planks":212,"minecraft:stone_shovel":1,"minecraft:furnace":4,"minecraft:bow":1,"minecraft:iron_boots":1,"minecraft:iron_axe":1,"minecraft:stone_pickaxe":1,"minecraft:chest":1,"minecraft:wheat":9,"minecraft:crafting_table":2,"minecraft:iron_helmet":1,"minecraft:bucket":1,"minecraft:stone_axe":2,"minecraft:bread":6,"minecraft:air":0,"minecraft:oak_boat":1,"minecraft:iron_chestplate":1,"minecraft:shield":2,"minecraft:stick":44,"minecraft:iron_ingot":31,"minecraft:iron_pickaxe":2,"minecraft:gold_ingot":4,"minecraft:iron_leggings":1,"minecraft:torch":104}},"DataVersion":2975}