{"stats":{"minecraft:killed_by":{"minecraft:player":1,"minecraft:spider":1,"minecraft:zombie":1},"minecraft:mined":{"minecraft:hay_block":2,"minecraft:white_bed":3,"minecraft:farmland":2,"minecraft:carrots":10,"minecraft:wheat":13,"minecraft:fire":1,"minecraft:dandelion":1,"minecraft:crafting_table":1,"minecraft:yellow_bed":1,"minecraft:clay":1,"minecraft:grass_block":14,"minecraft:grass":18,"minecraft:potatoes":3,"minecraft:oak_log":37,"minecraft:beetroots":1,"minecraft:dirt":1,"minecraft:cobblestone":2,"minecraft:tall_grass":5,"minecraft:oak_planks":22,"minecraft:composter":1,"minecraft:oxeye_daisy":4,"minecraft:oak_leaves":13},"minecraft:dropped":{"minecraft:wheat_seeds":4,"minecraft:oak_sapling":3,"minecraft:clay_ball":12,"minecraft:apple":3},"minecraft:crafted":{"minecraft:oak_planks":144,"minecraft:stone_shovel":1,"minecraft:crafting_table":1,"minecraft:stick":8,"minecraft:stone_pickaxe":1,"minecraft:furnace":1,"minecraft:stone_axe":1},"minecraft:picked_up":{"minecraft:crafting_table":1,"minecraft:raw_iron":1,"minecraft:clay_ball":12,"minecraft:composter":1,"minecraft:dandelion":1,"minecraft:potato":9,"minecraft:oak_log":45,"minecraft:white_bed":5,"minecraft:yellow_bed":3,"minecraft:carrot":25,"minecraft:string":4,"minecraft:dirt":95,"minecraft:rotten_flesh":4,"minecraft:beetroot":3,"minecraft:apple":6,"minecraft:diamond":1,"minecraft:beetroot_seeds":1,"minecraft:wheat_seeds":40,"minecraft:hay_block":4,"minecraft:oak_sapling":6,"minecraft:oak_planks":21,"minecraft:cobblestone":15,"minecraft:oxeye_daisy":4},"minecraft:used":{"minecraft:oak_log":1,"minecraft:oxeye_daisy":4,"minecraft:stone_shovel":14,"minecraft:stone_pickaxe":2,"minecraft:oak_planks":139,"minecraft:stone_axe":58,"minecraft:dirt":64,"minecraft:hay_block":1,"minecraft:crafting_table":2,"minecraft:furnace":1,"minecraft:carrot":1,"minecraft:yellow_bed":1,"minecraft:white_bed":3,"minecraft:dandelion":1},"minecraft:custom":{"minecraft:time_since_rest":9426,"minecraft:interact_with_furnace":1,"minecraft:sprint_one_cm":44458,"minecraft:damage_taken":1055,"minecraft:walk_one_cm":74918,"minecraft:drop":13,"minecraft:damage_dealt":89,"minecraft:interact_with_crafting_table":9,"minecraft:fly_one_cm":110993,"minecraft:open_chest":6,"minecraft:crouch_one_cm":10804,"minecraft:play_time":30271,"minecraft:deaths":4,"minecraft:bell_ring":7,"minecraft:sneak_time":2233,"minecraft:jump":562,"minecraft:leave_game":7,"minecraft:time_since_death":10932,"minecraft:walk_on_water_one_cm":594,"minecraft:sleep_in_bed":5,"minecraft:total_world_time":30271,"minecraft:fall_one_cm":22529}},"DataVersion":2975}