{"stats":{"minecraft:killed":{"minecraft:cave_spider":2,"minecraft:spider":1,"minecraft:skeleton":13,"minecraft:pig":1,"minecraft:iron_golem":3,"minecraft:zombie":1},"minecraft:picked_up":{"minecraft:crafting_table":5,"minecraft:wheat":10,"minecraft:clay_ball":22,"minecraft:oak_stairs":2,"minecraft:string":8,"minecraft:beetroot":5,"minecraft:cobbled_deepslate":35,"minecraft:oak_boat":2,"minecraft:poppy":3,"minecraft:sugar_cane":27,"minecraft:furnace":13,"minecraft:egg":1,"minecraft:raw_iron":133,"minecraft:oak_door":2,"minecraft:composter":4,"minecraft:oak_fence":4,"minecraft:torch":3,"minecraft:porkchop":3,"minecraft:diorite":6,"minecraft:carrot":107,"minecraft:redstone":58,"minecraft:arrow":17,"minecraft:rotten_flesh":9,"minecraft:stone_shovel":1,"minecraft:beetroot_seeds":13,"minecraft:hay_block":4,"minecraft:cobblestone":238,"minecraft:rail":3,"minecraft:oxeye_daisy":4,"minecraft:cooked_beef":6,"minecraft:glow_ink_sac":7,"minecraft:water_bucket":2,"minecraft:andesite":49,"minecraft:potato":27,"minecraft:tuff":4,"minecraft:oak_log":65,"minecraft:yellow_bed":7,"minecraft:cobblestone_stairs":1,"minecraft:lapis_lazuli":123,"minecraft:dirt":152,"minecraft:bone":8,"minecraft:apple":6,"minecraft:bow":2,"minecraft:wheat_seeds":111,"minecraft:raw_gold":26,"minecraft:stone_pickaxe":1,"minecraft:iron_ingot":45,"minecraft:oak_planks":47,"minecraft:cooked_porkchop":3,"minecraft:dandelion":1,"minecraft:oak_pressure_plate":3,"minecraft:poisonous_potato":1,"minecraft:gravel":13,"minecraft:white_bed":7,"minecraft:spider_eye":2,"minecraft:iron_hoe":2,"minecraft:diamond":1,"minecraft:stone_axe":1,"minecraft:granite":6,"minecraft:bread":73,"minecraft:oak_sapling":7,"minecraft:coal":249},"minecraft:used":{"minecraft:stone_shovel":58,"minecraft:chest":1,"minecraft:shield":70,"minecraft:torch":148,"minecraft:dirt":161,"minecraft:carrot":50,"minecraft:iron_hoe":5,"minecraft:iron_axe":25,"minecraft:hay_block":1,"minecraft:furnace":17,"minecraft:egg":1,"minecraft:cobbled_deepslate":8,"minecraft:water_bucket":8,"minecraft:diorite":1,"minecraft:stone_pickaxe":109,"minecraft:oak_planks":159,"minecraft:composter":2,"minecraft:cobblestone_slab":6,"minecraft:sugar_cane":27,"minecraft:crafting_table":8,"minecraft:white_bed":4,"minecraft:oak_log":1,"minecraft:apple":1,"minecraft:oxeye_daisy":4,"minecraft:bread":33,"minecraft:iron_pickaxe":511,"minecraft:stone_axe":151,"minecraft:cobblestone":78,"minecraft:bucket":9,"minecraft:yellow_bed":3,"minecraft:oak_boat":1,"minecraft:dandelion":1},"minecraft:custom":{"minecraft:mob_kills":21,"minecraft:interact_with_crafting_table":28,"minecraft:bell_ring":7,"minecraft:leave_game":11,"minecraft:time_since_death":90418,"minecraft:sprint_one_cm":258082,"minecraft:walk_one_cm":387947,"minecraft:damage_blocked_by_shield":5595,"minecraft:drop":60,"minecraft:talked_to_villager":6,"minecraft:play_time":144335,"minecraft:sneak_time":17540,"minecraft:deaths":6,"minecraft:walk_under_water_one_cm":6090,"minecraft:jump":2265,"minecraft:walk_on_water_one_cm":20090,"minecraft:total_world_time":144335,"minecraft:interact_with_furnace":59,"minecraft:sleep_in_bed":10,"minecraft:time_since_rest":83992,"minecraft:damage_taken":2714,"minecraft:damage_dealt":5535,"minecraft:swim_one_cm":8562,"minecraft:fly_one_cm":348412,"minecraft:open_chest":11,"minecraft:crouch_one_cm":49528,"minecraft:fall_one_cm":59089},"minecraft:broken":{"minecraft:shield":1,"minecraft:stone_axe":1,"minecraft:iron_pickaxe":2},"minecraft:mined":{"minecraft:tuff":4,"minecraft:white_bed":4,"minecraft:farmland":2,"minecraft:oak_door":1,"minecraft:cobblestone_stairs":1,"minecraft:granite":7,"minecraft:grass_block":23,"minecraft:composter":4,"minecraft:oxeye_daisy":4,"minecraft:hay_block":2,"minecraft:furnace":13,"minecraft:carrots":30,"minecraft:cobbled_deepslate":4,"minecraft:iron_ore":130,"minecraft:fire":2,"minecraft:andesite":50,"minecraft:deepslate_lapis_ore":7,"minecraft:potatoes":12,"minecraft:deepslate_iron_ore":1,"minecraft:rail":2,"minecraft:oak_stairs":1,"minecraft:stone":201,"minecraft:deepslate_redstone_ore":13,"minecraft:glass_pane":1,"minecraft:dandelion":1,"minecraft:oak_fence":3,"minecraft:clay":1,"minecraft:crafting_table":5,"minecraft:tall_grass":6,"minecraft:cobblestone":19,"minecraft:lapis_ore":13,"minecraft:deepslate_gold_ore":14,"minecraft:sugar_cane":14,"minecraft:oak_planks":46,"minecraft:diorite":15,"minecraft:wall_torch":2,"minecraft:wheat":68,"minecraft:yellow_bed":3,"minecraft:grass":23,"minecraft:oak_log":54,"minecraft:coal_ore":92,"minecraft:beetroots":8,"minecraft:gravel":5,"minecraft:dirt":39,"minecraft:gold_ore":12,"minecraft:oak_leaves":13,"minecraft:deepslate":21},"minecraft:crafted":{"minecraft:oak_planks":212,"minecraft:cobblestone_slab":6,"minecraft:stone_shovel":1,"minecraft:furnace":4,"minecraft:bow":1,"minecraft:iron_boots":1,"minecraft:iron_axe":1,"minecraft:stone_pickaxe":1,"minecraft:chest":1,"minecraft:wheat":9,"minecraft:crafting_table":3,"minecraft:iron_helmet":1,"minecraft:bucket":1,"minecraft:stone_axe":2,"minecraft:bread":6,"minecraft:air":0,"minecraft:oak_boat":1,"minecraft:iron_chestplate":1,"minecraft:shield":2,"minecraft:stick":64,"minecraft:iron_ingot":31,"minecraft:iron_pickaxe":4,"minecraft:iron_leggings":1,"minecraft:gold_ingot":20,"minecraft:torch":184},"minecraft:dropped":{"minecraft:water_bucket":2,"minecraft:wheat_seeds":23,"minecraft:oak_pressure_plate":2,"minecraft:glow_ink_sac":7,"minecraft:poisonous_potato":1,"minecraft:oak_fence":3,"minecraft:cobblestone":10,"minecraft:apple":3,"minecraft:granite":6,"minecraft:rail":3,"minecraft:dirt":15,"minecraft:diorite":5,"minecraft:oak_stairs":1,"minecraft:string":4,"minecraft:oak_door":1,"minecraft:gravel":13,"minecraft:stone_axe":1,"minecraft:cobbled_deepslate":27,"minecraft:tuff":4,"minecraft:wheat":1,"minecraft:rotten_flesh":8,"minecraft:clay_ball":12,"minecraft:oak_planks":1,"minecraft:carrot":41,"minecraft:poppy":3,"minecraft:andesite":49,"minecraft:oak_sapling":5,"minecraft:oak_boat":2,"minecraft:spider_eye":2},"minecraft:killed_by":{"minecraft:player":1,"minecraft:spider":1,"minecraft:iron_golem":1,"minecraft:zombie":2}},"DataVersion":2975}