{"stats":{"minecraft:killed_by":{"minecraft:player":1,"minecraft:zombie":1},"minecraft:mined":{"minecraft:hay_block":2,"minecraft:white_bed":2,"minecraft:carrots":10,"minecraft:wheat":13,"minecraft:fire":1,"minecraft:dandelion":1,"minecraft:yellow_bed":1,"minecraft:clay":1,"minecraft:grass":13,"minecraft:potatoes":3,"minecraft:oak_log":4,"minecraft:beetroots":1,"minecraft:dirt":1,"minecraft:tall_grass":5,"minecraft:oxeye_daisy":4,"minecraft:oak_leaves":13},"minecraft:dropped":{"minecraft:wheat_seeds":4,"minecraft:oak_sapling":3,"minecraft:clay_ball":12,"minecraft:apple":3},"minecraft:picked_up":{"minecraft:clay_ball":12,"minecraft:dandelion":1,"minecraft:potato":3,"minecraft:oak_log":4,"minecraft:white_bed":2,"minecraft:yellow_bed":1,"minecraft:carrot":9,"minecraft:dirt":10,"minecraft:beetroot":1,"minecraft:apple":4,"minecraft:beetroot_seeds":1,"minecraft:wheat_seeds":16,"minecraft:hay_block":2,"minecraft:oak_sapling":4,"minecraft:oxeye_daisy":4},"minecraft:used":{"minecraft:oxeye_daisy":4,"minecraft:dirt":10,"minecraft:hay_block":1,"minecraft:carrot":1,"minecraft:white_bed":1,"minecraft:dandelion":1},"minecraft:custom":{"minecraft:time_since_rest":925,"minecraft:sprint_one_cm":26574,"minecraft:damage_taken":830,"minecraft:walk_one_cm":31267,"minecraft:drop":13,"minecraft:damage_dealt":65,"minecraft:fly_one_cm":73845,"minecraft:open_chest":6,"minecraft:crouch_one_cm":702,"minecraft:play_time":18271,"minecraft:deaths":3,"minecraft:bell_ring":7,"minecraft:sneak_time":215,"minecraft:jump":389,"minecraft:leave_game":7,"minecraft:time_since_death":697,"minecraft:walk_on_water_one_cm":594,"minecraft:sleep_in_bed":2,"minecraft:total_world_time":18271,"minecraft:fall_one_cm":15832}},"DataVersion":2975}