{"stats":{"minecraft:killed_by":{"minecraft:player":1,"minecraft:spider":1,"minecraft:zombie":1},"minecraft:mined":{"minecraft:white_bed":3,"minecraft:farmland":2,"minecraft:cobblestone_stairs":1,"minecraft:dandelion":1,"minecraft:clay":1,"minecraft:crafting_table":1,"minecraft:grass_block":14,"minecraft:tall_grass":6,"minecraft:cobblestone":2,"minecraft:composter":4,"minecraft:oak_planks":42,"minecraft:diorite":1,"minecraft:oxeye_daisy":4,"minecraft:hay_block":2,"minecraft:carrots":30,"minecraft:fire":1,"minecraft:wheat":50,"minecraft:yellow_bed":1,"minecraft:grass":22,"minecraft:potatoes":12,"minecraft:oak_log":37,"minecraft:beetroots":8,"minecraft:dirt":7,"minecraft:oak_leaves":13},"minecraft:dropped":{"minecraft:water_bucket":2,"minecraft:wheat_seeds":4,"minecraft:clay_ball":12,"minecraft:apple":3,"minecraft:carrot":41,"minecraft:oak_sapling":3},"minecraft:crafted":{"minecraft:oak_planks":144,"minecraft:stone_shovel":1,"minecraft:crafting_table":1,"minecraft:furnace":1,"minecraft:stone_axe":1,"minecraft:oak_boat":1,"minecraft:stick":8,"minecraft:stone_pickaxe":1},"minecraft:picked_up":{"minecraft:crafting_table":1,"minecraft:wheat":9,"minecraft:water_bucket":2,"minecraft:clay_ball":22,"minecraft:potato":27,"minecraft:oak_log":45,"minecraft:yellow_bed":3,"minecraft:cobblestone_stairs":1,"minecraft:dirt":100,"minecraft:string":4,"minecraft:apple":6,"minecraft:beetroot":5,"minecraft:wheat_seeds":92,"minecraft:oak_boat":1,"minecraft:oak_planks":39,"minecraft:raw_iron":1,"minecraft:composter":4,"minecraft:dandelion":1,"minecraft:poisonous_potato":1,"minecraft:white_bed":5,"minecraft:carrot":107,"minecraft:iron_hoe":1,"minecraft:rotten_flesh":4,"minecraft:diamond":1,"minecraft:beetroot_seeds":13,"minecraft:hay_block":4,"minecraft:oak_sapling":6,"minecraft:cobblestone":16,"minecraft:oxeye_daisy":4},"minecraft:killed":{"minecraft:iron_golem":1},"minecraft:used":{"minecraft:water_bucket":1,"minecraft:stone_shovel":19,"minecraft:stone_pickaxe":4,"minecraft:oak_planks":159,"minecraft:composter":2,"minecraft:dirt":74,"minecraft:crafting_table":2,"minecraft:carrot":50,"minecraft:white_bed":3,"minecraft:oak_log":1,"minecraft:iron_hoe":2,"minecraft:oxeye_daisy":4,"minecraft:stone_axe":90,"minecraft:hay_block":1,"minecraft:furnace":1,"minecraft:bucket":1,"minecraft:yellow_bed":1,"minecraft:oak_boat":1,"minecraft:dandelion":1},"minecraft:custom":{"minecraft:interact_with_furnace":1,"minecraft:mob_kills":1,"minecraft:interact_with_crafting_table":10,"minecraft:bell_ring":7,"minecraft:leave_game":7,"minecraft:time_since_death":22932,"minecraft:sleep_in_bed":8,"minecraft:time_since_rest":4637,"minecraft:sprint_one_cm":61640,"minecraft:damage_taken":1075,"minecraft:walk_one_cm":124115,"minecraft:drop":16,"minecraft:damage_dealt":899,"minecraft:talked_to_villager":4,"minecraft:fly_one_cm":133077,"minecraft:open_chest":6,"minecraft:crouch_one_cm":14872,"minecraft:play_time":42271,"minecraft:deaths":4,"minecraft:sneak_time":3018,"minecraft:jump":717,"minecraft:walk_on_water_one_cm":2600,"minecraft:total_world_time":42271,"minecraft:fall_one_cm":26202}},"DataVersion":2975}