{"stats":{"minecraft:picked_up":{"minecraft:iron_chestplate":19,"minecraft:wheat":14,"minecraft:oak_stairs":2,"minecraft:brewing_stand":1,"minecraft:string":29,"minecraft:raw_copper":9,"minecraft:iron_leggings":19,"minecraft:beetroot":8,"minecraft:cobbled_deepslate":171,"minecraft:bucket":1,"minecraft:furnace":19,"minecraft:iron_boots":19,"minecraft:stick":1,"minecraft:composter":7,"minecraft:oak_fence":40,"minecraft:torch":16,"minecraft:porkchop":3,"minecraft:diorite":6,"minecraft:rotten_flesh":20,"minecraft:carved_pumpkin":1,"minecraft:obsidian":10,"minecraft:cobblestone":286,"minecraft:enchanting_table":1,"minecraft:feather":2,"minecraft:cooked_beef":6,"minecraft:water_bucket":2,"minecraft:andesite":49,"minecraft:potato":282,"minecraft:flint":1,"minecraft:tuff":4,"minecraft:lapis_lazuli":253,"minecraft:dirt":947,"minecraft:bone":22,"minecraft:stonecutter":1,"minecraft:bow":2,"minecraft:wheat_seeds":233,"minecraft:raw_gold":56,"minecraft:oak_planks":102,"minecraft:cooked_porkchop":3,"minecraft:oak_pressure_plate":3,"minecraft:poisonous_potato":3,"minecraft:iron_hoe":2,"minecraft:diamond":19,"minecraft:lever":3,"minecraft:granite":11,"minecraft:bread":73,"minecraft:oak_sapling":7,"minecraft:diamond_pickaxe":1,"minecraft:crafting_table":12,"minecraft:clay_ball":32,"minecraft:shield":3,"minecraft:oak_trapdoor":18,"minecraft:wooden_sword":22,"minecraft:iron_axe":1,"minecraft:iron_shovel":1,"minecraft:oak_boat":2,"minecraft:poppy":5,"minecraft:light_gray_wool":1,"minecraft:minecart":5,"minecraft:sugar_cane":131,"minecraft:chest":3,"minecraft:egg":1,"minecraft:raw_iron":133,"minecraft:oak_door":2,"minecraft:carrot":113,"minecraft:redstone":208,"minecraft:arrow":26,"minecraft:stone_shovel":1,"minecraft:beetroot_seeds":25,"minecraft:shears":2,"minecraft:hay_block":4,"minecraft:gold_ingot":1,"minecraft:white_wool":11,"minecraft:mutton":1,"minecraft:rail":88,"minecraft:oxeye_daisy":4,"minecraft:golden_carrot":1152,"minecraft:tripwire_hook":7,"minecraft:glow_ink_sac":10,"minecraft:leather":2,"minecraft:oak_log":77,"minecraft:yellow_bed":12,"minecraft:cobblestone_stairs":2,"minecraft:cooked_mutton":6,"minecraft:apple":8,"minecraft:iron_ingot":59,"minecraft:stone_pickaxe":1,"minecraft:book":1,"minecraft:oak_slab":10,"minecraft:dandelion":5,"minecraft:gravel":32,"minecraft:white_bed":16,"minecraft:spider_eye":2,"minecraft:pumpkin_seeds":1,"minecraft:stone_axe":1,"minecraft:iron_helmet":19,"minecraft:baked_potato":91,"minecraft:coal":289},"minecraft:used":{"minecraft:beetroot":3,"minecraft:iron_shovel":353,"minecraft:oak_sign":2,"minecraft:chest":12,"minecraft:shield":118,"minecraft:stone":31,"minecraft:red_nether_brick_stairs":30,"minecraft:iron_chestplate":1,"minecraft:carrot":52,"minecraft:tuff":1,"minecraft:obsidian":21,"minecraft:red_wool":98,"minecraft:grass_block":97,"minecraft:quartz_block":578,"minecraft:iron_helmet":1,"minecraft:light_blue_bed":4,"minecraft:bedrock":50,"minecraft:bow":14,"minecraft:hay_block":1,"minecraft:furnace":23,"minecraft:egg":1,"minecraft:potato":132,"minecraft:diorite":1,"minecraft:stone_pickaxe":109,"minecraft:oak_planks":204,"minecraft:redstone_block":29,"minecraft:composter":3,"minecraft:sugar_cane":32,"minecraft:redstone_torch":25,"minecraft:lever":4,"minecraft:black_concrete":909,"minecraft:bread":44,"minecraft:string":8,"minecraft:gravel":4,"minecraft:wooden_sword":42,"minecraft:chain":303,"minecraft:oak_boat":1,"minecraft:bone_meal":36,"minecraft:oak_trapdoor":24,"minecraft:netherite_sword":34,"minecraft:enchanting_table":2,"minecraft:flint_and_steel":2,"minecraft:red_concrete":147,"minecraft:stone_shovel":131,"minecraft:redstone":94,"minecraft:netherrack":4,"minecraft:torch":206,"minecraft:dirt":882,"minecraft:blue_concrete":48,"minecraft:granite":1,"minecraft:iron_hoe":181,"minecraft:wooden_axe":2,"minecraft:iron_axe":234,"minecraft:smooth_quartz":148,"minecraft:tripwire_hook":9,"minecraft:warped_stairs":28,"minecraft:minecart":5,"minecraft:cooked_beef":11,"minecraft:cobbled_deepslate":8,"minecraft:powder_snow_bucket":3,"minecraft:iron_leggings":1,"minecraft:wheat_seeds":35,"minecraft:water_bucket":78,"minecraft:baked_potato":20,"minecraft:blue_wool":80,"minecraft:cobblestone_slab":21,"minecraft:diamond_block":1,"minecraft:rail":99,"minecraft:tnt":886,"minecraft:oak_slab":10,"minecraft:crafting_table":15,"minecraft:white_bed":9,"minecraft:oak_log":3,"minecraft:diamond_pickaxe":207,"minecraft:apple":1,"minecraft:oxeye_daisy":4,"minecraft:command_block":9,"minecraft:iron_pickaxe":625,"minecraft:stone_axe":151,"minecraft:fishing_rod":11,"minecraft:cobblestone":191,"minecraft:cooked_porkchop":3,"minecraft:bucket":75,"minecraft:yellow_bed":6,"minecraft:dandelion":1},"minecraft:killed":{"minecraft:cave_spider":2,"minecraft:spider":4,"minecraft:skeleton":32,"minecraft:pig":1,"minecraft:iron_golem":6,"minecraft:sheep":1,"minecraft:zombie":16,"minecraft:ghast":2,"minecraft:horse":1,"minecraft:drowned":1},"minecraft:broken":{"minecraft:iron_shovel":1,"minecraft:stone_axe":1,"minecraft:stone_shovel":1,"minecraft:iron_hoe":1,"minecraft:shield":2,"minecraft:iron_pickaxe":2},"minecraft:killed_by":{"minecraft:zombie":3,"minecraft:player":4,"minecraft:spider":1,"minecraft:iron_golem":1},"minecraft:dropped":{"minecraft:lapis_lazuli":1,"minecraft:oak_pressure_plate":2,"minecraft:baked_potato":46,"minecraft:glow_ink_sac":7,"minecraft:rail":3,"minecraft:cobblestone_stairs":1,"minecraft:dirt":21,"minecraft:wooden_sword":2,"minecraft:fishing_rod":1,"minecraft:white_wool":11,"minecraft:bone":2,"minecraft:oak_door":1,"minecraft:gravel":28,"minecraft:stone_axe":1,"minecraft:sugar_cane":1,"minecraft:cobbled_deepslate":98,"minecraft:wheat":1,"minecraft:rotten_flesh":15,"minecraft:oak_planks":1,"minecraft:cooked_mutton":6,"minecraft:carrot":45,"minecraft:poppy":5,"minecraft:water_bucket":3,"minecraft:wheat_seeds":60,"minecraft:tnt":1,"minecraft:poisonous_potato":3,"minecraft:oak_fence":39,"minecraft:feather":2,"minecraft:iron_helmet":1,"minecraft:cobblestone":31,"minecraft:apple":5,"minecraft:granite":10,"minecraft:grass_block":2,"minecraft:stick":3,"minecraft:diorite":5,"minecraft:golden_carrot":128,"minecraft:iron_leggings":1,"minecraft:oak_stairs":1,"minecraft:string":5,"minecraft:dandelion":2,"minecraft:redstone":5,"minecraft:stone_sword":1,"minecraft:tuff":4,"minecraft:light_gray_wool":1,"minecraft:clay_ball":12,"minecraft:shears":1,"minecraft:cobblestone_slab":10,"minecraft:stone":2,"minecraft:shield":1,"minecraft:iron_chestplate":1,"minecraft:andesite":49,"minecraft:oak_sapling":5,"minecraft:oak_boat":2,"minecraft:redstone_torch":1,"minecraft:spider_eye":2,"minecraft:stone_pickaxe":1},"minecraft:custom":{"minecraft:interact_with_crafting_table":65,"minecraft:bell_ring":7,"minecraft:leave_game":20,"minecraft:time_since_death":119984,"minecraft:sprint_one_cm":603979,"minecraft:damage_blocked_by_shield":7476,"minecraft:drop":166,"minecraft:talked_to_villager":10,"minecraft:play_time":468487,"minecraft:deaths":10,"minecraft:jump":6319,"minecraft:walk_on_water_one_cm":75959,"minecraft:interact_with_furnace":122,"minecraft:sleep_in_bed":20,"minecraft:damage_dealt":17781,"minecraft:player_kills":4,"minecraft:crouch_one_cm":122851,"minecraft:mob_kills":66,"minecraft:walk_one_cm":1295574,"minecraft:sneak_time":44913,"minecraft:walk_under_water_one_cm":20553,"minecraft:total_world_time":468487,"minecraft:time_since_rest":120021,"minecraft:damage_taken":5599,"minecraft:swim_one_cm":14244,"minecraft:fly_one_cm":1468493,"minecraft:open_chest":220,"minecraft:fall_one_cm":143418},"minecraft:crafted":{"minecraft:oak_planks":252,"minecraft:cobblestone_slab":36,"minecraft:oak_sign":3,"minecraft:lever":1,"minecraft:iron_boots":1,"minecraft:bow":2,"minecraft:chest":3,"minecraft:rail":16,"minecraft:crafting_table":3,"minecraft:iron_helmet":2,"minecraft:baked_potato":26,"minecraft:diamond_pickaxe":1,"minecraft:book":1,"minecraft:iron_chestplate":2,"minecraft:paper":3,"minecraft:shield":3,"minecraft:stick":96,"minecraft:iron_pickaxe":4,"minecraft:iron_ingot":199,"minecraft:iron_block":18,"minecraft:stone_sword":2,"minecraft:gold_ingot":54,"minecraft:wooden_sword":2,"minecraft:stone_shovel":1,"minecraft:fishing_rod":2,"minecraft:tripwire_hook":2,"minecraft:furnace":4,"minecraft:bone_meal":36,"minecraft:oak_trapdoor":6,"minecraft:flint_and_steel":1,"minecraft:iron_axe":2,"minecraft:iron_hoe":1,"minecraft:stone_pickaxe":1,"minecraft:redstone_block":20,"minecraft:minecart":1,"minecraft:wheat":9,"minecraft:cooked_beef":5,"minecraft:enchanting_table":1,"minecraft:bucket":1,"minecraft:stone_axe":2,"minecraft:bread":6,"minecraft:air":0,"minecraft:oak_boat":1,"minecraft:iron_shovel":2,"minecraft:iron_leggings":2,"minecraft:torch":184,"minecraft:lapis_block":28},"minecraft:mined":{"minecraft:white_bed":13,"minecraft:farmland":29,"minecraft:cobblestone_stairs":1,"minecraft:brewing_stand":1,"minecraft:carved_pumpkin":1,"minecraft:obsidian":8,"minecraft:granite":10,"minecraft:grass_block":171,"minecraft:composter":5,"minecraft:oxeye_daisy":4,"minecraft:iron_ore":130,"minecraft:cobbled_deepslate":13,"minecraft:fire":3,"minecraft:deepslate_lapis_ore":25,"minecraft:enchanting_table":1,"minecraft:dirt_path":44,"minecraft:oak_stairs":1,"minecraft:deepslate_redstone_ore":45,"minecraft:clay":1,"minecraft:torch":3,"minecraft:chest":3,"minecraft:cobblestone":54,"minecraft:sugar_cane":92,"minecraft:oak_planks":93,"minecraft:wall_torch":8,"minecraft:seagrass":1,"minecraft:wheat":71,"minecraft:grass":112,"minecraft:oak_log":66,"minecraft:beetroots":8,"minecraft:dirt":295,"minecraft:tripwire_hook":3,"minecraft:stonecutter":1,"minecraft:oak_leaves":13,"minecraft:deepslate":96,"minecraft:tuff":4,"minecraft:deepslate_diamond_ore":16,"minecraft:oak_door":7,"minecraft:hay_block":2,"minecraft:oak_trapdoor":18,"minecraft:furnace":19,"minecraft:carrots":30,"minecraft:andesite":50,"minecraft:potatoes":65,"minecraft:deepslate_iron_ore":1,"minecraft:rail":82,"minecraft:stone":206,"minecraft:white_wool":1,"minecraft:oak_slab":9,"minecraft:glass_pane":1,"minecraft:dandelion":2,"minecraft:oak_fence":24,"minecraft:crafting_table":12,"minecraft:tall_grass":17,"minecraft:lapis_ore":13,"minecraft:deepslate_gold_ore":43,"minecraft:diorite":15,"minecraft:yellow_bed":8,"minecraft:coal_ore":92,"minecraft:gravel":18,"minecraft:gold_ore":12}},"DataVersion":2975}