{"stats":{"minecraft:picked_up":{"minecraft:crafting_table":1,"minecraft:wheat":9,"minecraft:water_bucket":2,"minecraft:clay_ball":22,"minecraft:oak_stairs":2,"minecraft:potato":27,"minecraft:oak_log":51,"minecraft:yellow_bed":7,"minecraft:cobblestone_stairs":1,"minecraft:dirt":131,"minecraft:string":4,"minecraft:apple":6,"minecraft:beetroot":5,"minecraft:wheat_seeds":92,"minecraft:iron_ingot":3,"minecraft:stone_pickaxe":1,"minecraft:oak_boat":1,"minecraft:poppy":2,"minecraft:oak_planks":43,"minecraft:egg":1,"minecraft:raw_iron":1,"minecraft:oak_door":2,"minecraft:composter":4,"minecraft:oak_fence":2,"minecraft:torch":2,"minecraft:dandelion":1,"minecraft:oak_pressure_plate":2,"minecraft:poisonous_potato":1,"minecraft:white_bed":7,"minecraft:carrot":107,"minecraft:iron_hoe":2,"minecraft:stone_shovel":1,"minecraft:rotten_flesh":4,"minecraft:diamond":1,"minecraft:stone_axe":1,"minecraft:beetroot_seeds":13,"minecraft:hay_block":4,"minecraft:bread":73,"minecraft:oak_sapling":6,"minecraft:cobblestone":20,"minecraft:oxeye_daisy":4},"minecraft:killed_by":{"minecraft:player":1,"minecraft:spider":1,"minecraft:zombie":2,"minecraft:iron_golem":1},"minecraft:killed":{"minecraft:iron_golem":2},"minecraft:mined":{"minecraft:white_bed":4,"minecraft:glass_pane":1,"minecraft:farmland":2,"minecraft:oak_door":1,"minecraft:cobblestone_stairs":1,"minecraft:dandelion":1,"minecraft:oak_fence":1,"minecraft:clay":1,"minecraft:crafting_table":1,"minecraft:grass_block":19,"minecraft:tall_grass":6,"minecraft:cobblestone":4,"minecraft:composter":4,"minecraft:oak_planks":44,"minecraft:diorite":1,"minecraft:oxeye_daisy":4,"minecraft:wall_torch":1,"minecraft:hay_block":2,"minecraft:carrots":30,"minecraft:wheat":50,"minecraft:fire":1,"minecraft:yellow_bed":3,"minecraft:grass":23,"minecraft:potatoes":12,"minecraft:oak_log":40,"minecraft:beetroots":8,"minecraft:oak_stairs":1,"minecraft:dirt":22,"minecraft:oak_leaves":13},"minecraft:custom":{"minecraft:interact_with_furnace":1,"minecraft:mob_kills":2,"minecraft:interact_with_crafting_table":11,"minecraft:bell_ring":7,"minecraft:leave_game":9,"minecraft:time_since_death":2530,"minecraft:sleep_in_bed":9,"minecraft:time_since_rest":2569,"minecraft:sprint_one_cm":87798,"minecraft:damage_taken":1623,"minecraft:walk_one_cm":159360,"minecraft:drop":17,"minecraft:damage_dealt":1564,"minecraft:talked_to_villager":6,"minecraft:fly_one_cm":197489,"minecraft:open_chest":7,"minecraft:crouch_one_cm":16932,"minecraft:play_time":56447,"minecraft:deaths":6,"minecraft:sneak_time":3437,"minecraft:jump":1040,"minecraft:walk_on_water_one_cm":2600,"minecraft:total_world_time":56447,"minecraft:fall_one_cm":35931},"minecraft:dropped":{"minecraft:water_bucket":2,"minecraft:wheat_seeds":4,"minecraft:clay_ball":12,"minecraft:apple":3,"minecraft:carrot":41,"minecraft:dirt":2,"minecraft:oak_sapling":3},"minecraft:used":{"minecraft:water_bucket":1,"minecraft:stone_shovel":33,"minecraft:stone_pickaxe":6,"minecraft:oak_planks":159,"minecraft:chest":1,"minecraft:composter":2,"minecraft:torch":2,"minecraft:dirt":106,"minecraft:crafting_table":2,"minecraft:carrot":50,"minecraft:white_bed":3,"minecraft:oak_log":1,"minecraft:iron_hoe":5,"minecraft:apple":1,"minecraft:oxeye_daisy":4,"minecraft:bread":3,"minecraft:stone_axe":102,"minecraft:hay_block":1,"minecraft:furnace":1,"minecraft:bucket":1,"minecraft:yellow_bed":1,"minecraft:oak_boat":1,"minecraft:egg":1,"minecraft:dandelion":1},"minecraft:crafted":{"minecraft:oak_planks":144,"minecraft:stone_shovel":1,"minecraft:crafting_table":1,"minecraft:furnace":1,"minecraft:stone_axe":1,"minecraft:oak_boat":1,"minecraft:stick":8,"minecraft:stone_pickaxe":1,"minecraft:chest":1}},"DataVersion":2975}