{"stats":{"minecraft:picked_up":{"minecraft:crafting_table":1,"minecraft:wheat":10,"minecraft:cooked_beef":6,"minecraft:water_bucket":2,"minecraft:clay_ball":22,"minecraft:oak_stairs":2,"minecraft:potato":27,"minecraft:oak_log":65,"minecraft:yellow_bed":7,"minecraft:cobblestone_stairs":1,"minecraft:dirt":138,"minecraft:string":4,"minecraft:beetroot":5,"minecraft:apple":6,"minecraft:wheat_seeds":111,"minecraft:stone_pickaxe":1,"minecraft:iron_ingot":6,"minecraft:oak_boat":2,"minecraft:poppy":3,"minecraft:sugar_cane":27,"minecraft:oak_planks":43,"minecraft:furnace":1,"minecraft:egg":1,"minecraft:raw_iron":1,"minecraft:oak_door":2,"minecraft:composter":4,"minecraft:oak_fence":2,"minecraft:torch":2,"minecraft:dandelion":1,"minecraft:oak_pressure_plate":3,"minecraft:poisonous_potato":1,"minecraft:white_bed":7,"minecraft:carrot":107,"minecraft:iron_hoe":2,"minecraft:rotten_flesh":7,"minecraft:stone_shovel":1,"minecraft:diamond":1,"minecraft:stone_axe":1,"minecraft:beetroot_seeds":13,"minecraft:hay_block":4,"minecraft:bread":73,"minecraft:oak_sapling":7,"minecraft:cobblestone":20,"minecraft:oxeye_daisy":4},"minecraft:killed_by":{"minecraft:player":1,"minecraft:spider":1,"minecraft:zombie":2,"minecraft:iron_golem":1},"minecraft:killed":{"minecraft:iron_golem":3},"minecraft:mined":{"minecraft:white_bed":4,"minecraft:glass_pane":1,"minecraft:farmland":2,"minecraft:oak_door":1,"minecraft:cobblestone_stairs":1,"minecraft:dandelion":1,"minecraft:oak_fence":1,"minecraft:clay":1,"minecraft:crafting_table":1,"minecraft:grass_block":22,"minecraft:tall_grass":6,"minecraft:cobblestone":4,"minecraft:sugar_cane":14,"minecraft:composter":4,"minecraft:oak_planks":44,"minecraft:diorite":4,"minecraft:oxeye_daisy":4,"minecraft:wall_torch":1,"minecraft:hay_block":2,"minecraft:furnace":1,"minecraft:carrots":30,"minecraft:wheat":68,"minecraft:fire":1,"minecraft:yellow_bed":3,"minecraft:grass":23,"minecraft:potatoes":12,"minecraft:oak_log":54,"minecraft:beetroots":8,"minecraft:oak_stairs":1,"minecraft:dirt":26,"minecraft:oak_leaves":13},"minecraft:custom":{"minecraft:interact_with_furnace":1,"minecraft:mob_kills":3,"minecraft:interact_with_crafting_table":14,"minecraft:bell_ring":7,"minecraft:leave_game":9,"minecraft:time_since_death":14937,"minecraft:sleep_in_bed":10,"minecraft:time_since_rest":8511,"minecraft:sprint_one_cm":101616,"minecraft:damage_taken":1643,"minecraft:walk_one_cm":185924,"minecraft:drop":30,"minecraft:damage_dealt":2564,"minecraft:swim_one_cm":5110,"minecraft:talked_to_villager":6,"minecraft:fly_one_cm":231786,"minecraft:open_chest":11,"minecraft:crouch_one_cm":17648,"minecraft:play_time":68854,"minecraft:deaths":6,"minecraft:sneak_time":3743,"minecraft:walk_under_water_one_cm":179,"minecraft:jump":1236,"minecraft:walk_on_water_one_cm":3689,"minecraft:total_world_time":68854,"minecraft:fall_one_cm":41710},"minecraft:dropped":{"minecraft:oak_door":1,"minecraft:water_bucket":2,"minecraft:wheat_seeds":4,"minecraft:oak_pressure_plate":2,"minecraft:poisonous_potato":1,"minecraft:oak_fence":1,"minecraft:rotten_flesh":6,"minecraft:clay_ball":12,"minecraft:apple":3,"minecraft:carrot":41,"minecraft:poppy":3,"minecraft:dirt":2,"minecraft:oak_boat":2,"minecraft:oak_sapling":5,"minecraft:oak_stairs":1},"minecraft:used":{"minecraft:water_bucket":5,"minecraft:stone_shovel":40,"minecraft:stone_pickaxe":10,"minecraft:oak_planks":159,"minecraft:chest":1,"minecraft:composter":2,"minecraft:sugar_cane":17,"minecraft:torch":2,"minecraft:dirt":130,"minecraft:crafting_table":2,"minecraft:carrot":50,"minecraft:white_bed":4,"minecraft:oak_log":1,"minecraft:iron_hoe":5,"minecraft:apple":1,"minecraft:oxeye_daisy":4,"minecraft:bread":5,"minecraft:stone_axe":125,"minecraft:hay_block":1,"minecraft:furnace":1,"minecraft:bucket":5,"minecraft:yellow_bed":3,"minecraft:oak_boat":1,"minecraft:egg":1,"minecraft:dandelion":1},"minecraft:broken":{"minecraft:stone_axe":1},"minecraft:crafted":{"minecraft:oak_planks":156,"minecraft:stone_shovel":1,"minecraft:crafting_table":1,"minecraft:furnace":1,"minecraft:bucket":1,"minecraft:stone_axe":2,"minecraft:bread":6,"minecraft:oak_boat":1,"minecraft:stick":8,"minecraft:stone_pickaxe":1,"minecraft:chest":1,"minecraft:wheat":9}},"DataVersion":2975}