{"stats":{"minecraft:killed":{"minecraft:cave_spider":2,"minecraft:spider":3,"minecraft:horse":1,"minecraft:skeleton":17,"minecraft:pig":1,"minecraft:iron_golem":6,"minecraft:zombie":5},"minecraft:picked_up":{"minecraft:crafting_table":11,"minecraft:wheat":10,"minecraft:clay_ball":32,"minecraft:oak_stairs":2,"minecraft:brewing_stand":1,"minecraft:oak_trapdoor":4,"minecraft:string":13,"minecraft:beetroot":8,"minecraft:cobbled_deepslate":106,"minecraft:oak_boat":2,"minecraft:poppy":5,"minecraft:minecart":1,"minecraft:sugar_cane":129,"minecraft:chest":3,"minecraft:furnace":19,"minecraft:egg":1,"minecraft:raw_iron":133,"minecraft:oak_door":2,"minecraft:composter":7,"minecraft:oak_fence":36,"minecraft:torch":12,"minecraft:porkchop":3,"minecraft:diorite":6,"minecraft:carrot":112,"minecraft:redstone":204,"minecraft:arrow":18,"minecraft:rotten_flesh":10,"minecraft:stone_shovel":1,"minecraft:beetroot_seeds":25,"minecraft:hay_block":4,"minecraft:gold_ingot":1,"minecraft:obsidian":5,"minecraft:white_wool":2,"minecraft:cobblestone":269,"minecraft:rail":15,"minecraft:oxeye_daisy":4,"minecraft:enchanting_table":1,"minecraft:feather":2,"minecraft:cooked_beef":6,"minecraft:glow_ink_sac":10,"minecraft:water_bucket":2,"minecraft:andesite":49,"minecraft:leather":2,"minecraft:potato":48,"minecraft:tuff":4,"minecraft:oak_log":71,"minecraft:yellow_bed":12,"minecraft:cobblestone_stairs":2,"minecraft:lapis_lazuli":253,"minecraft:dirt":610,"minecraft:cooked_mutton":6,"minecraft:bone":12,"minecraft:apple":8,"minecraft:stonecutter":1,"minecraft:bow":2,"minecraft:wheat_seeds":201,"minecraft:raw_gold":56,"minecraft:stone_pickaxe":1,"minecraft:iron_ingot":59,"minecraft:oak_planks":93,"minecraft:book":1,"minecraft:oak_slab":10,"minecraft:cooked_porkchop":3,"minecraft:dandelion":3,"minecraft:oak_pressure_plate":3,"minecraft:poisonous_potato":1,"minecraft:gravel":18,"minecraft:white_bed":16,"minecraft:spider_eye":2,"minecraft:iron_hoe":2,"minecraft:diamond":18,"minecraft:stone_axe":1,"minecraft:granite":11,"minecraft:bread":73,"minecraft:oak_sapling":7,"minecraft:coal":289},"minecraft:used":{"minecraft:oak_trapdoor":8,"minecraft:enchanting_table":2,"minecraft:iron_shovel":97,"minecraft:stone_shovel":131,"minecraft:oak_sign":2,"minecraft:chest":6,"minecraft:shield":80,"minecraft:torch":174,"minecraft:dirt":521,"minecraft:carrot":51,"minecraft:granite":1,"minecraft:iron_hoe":10,"minecraft:iron_axe":171,"minecraft:hay_block":1,"minecraft:furnace":23,"minecraft:minecart":1,"minecraft:egg":1,"minecraft:cooked_beef":4,"minecraft:cobbled_deepslate":8,"minecraft:water_bucket":51,"minecraft:diorite":1,"minecraft:stone_pickaxe":109,"minecraft:oak_planks":203,"minecraft:composter":3,"minecraft:cobblestone_slab":20,"minecraft:sugar_cane":32,"minecraft:rail":16,"minecraft:oak_slab":10,"minecraft:crafting_table":14,"minecraft:white_bed":9,"minecraft:oak_log":1,"minecraft:diamond_pickaxe":122,"minecraft:apple":1,"minecraft:oxeye_daisy":4,"minecraft:bread":44,"minecraft:iron_pickaxe":625,"minecraft:stone_axe":151,"minecraft:cobblestone":191,"minecraft:cooked_porkchop":3,"minecraft:bucket":52,"minecraft:yellow_bed":6,"minecraft:oak_boat":1,"minecraft:dandelion":1},"minecraft:custom":{"minecraft:mob_kills":35,"minecraft:interact_with_crafting_table":43,"minecraft:bell_ring":7,"minecraft:leave_game":12,"minecraft:time_since_death":190106,"minecraft:sprint_one_cm":427967,"minecraft:walk_one_cm":680042,"minecraft:damage_blocked_by_shield":6315,"minecraft:drop":98,"minecraft:talked_to_villager":10,"minecraft:play_time":244023,"minecraft:sneak_time":28316,"minecraft:deaths":6,"minecraft:walk_under_water_one_cm":14182,"minecraft:jump":4110,"minecraft:walk_on_water_one_cm":65217,"minecraft:total_world_time":244023,"minecraft:interact_with_furnace":89,"minecraft:sleep_in_bed":14,"minecraft:time_since_rest":9674,"minecraft:damage_taken":3295,"minecraft:damage_dealt":10407,"minecraft:swim_one_cm":14244,"minecraft:fly_one_cm":636345,"minecraft:open_chest":78,"minecraft:crouch_one_cm":77111,"minecraft:fall_one_cm":104853},"minecraft:broken":{"minecraft:shield":2,"minecraft:stone_axe":1,"minecraft:iron_pickaxe":2,"minecraft:stone_shovel":1},"minecraft:mined":{"minecraft:tuff":4,"minecraft:white_bed":13,"minecraft:farmland":2,"minecraft:deepslate_diamond_ore":16,"minecraft:oak_door":7,"minecraft:cobblestone_stairs":1,"minecraft:brewing_stand":1,"minecraft:obsidian":5,"minecraft:granite":10,"minecraft:grass_block":99,"minecraft:composter":5,"minecraft:oxeye_daisy":4,"minecraft:hay_block":2,"minecraft:oak_trapdoor":4,"minecraft:furnace":19,"minecraft:carrots":30,"minecraft:cobbled_deepslate":6,"minecraft:iron_ore":130,"minecraft:fire":2,"minecraft:andesite":50,"minecraft:deepslate_lapis_ore":25,"minecraft:enchanting_table":1,"minecraft:potatoes":12,"minecraft:dirt_path":44,"minecraft:deepslate_iron_ore":1,"minecraft:rail":14,"minecraft:oak_stairs":1,"minecraft:stone":203,"minecraft:white_wool":1,"minecraft:deepslate_redstone_ore":45,"minecraft:oak_slab":9,"minecraft:glass_pane":1,"minecraft:dandelion":1,"minecraft:oak_fence":20,"minecraft:clay":1,"minecraft:crafting_table":11,"minecraft:chest":3,"minecraft:tall_grass":6,"minecraft:cobblestone":51,"minecraft:lapis_ore":13,"minecraft:deepslate_gold_ore":43,"minecraft:sugar_cane":91,"minecraft:oak_planks":92,"minecraft:diorite":15,"minecraft:wall_torch":8,"minecraft:wheat":68,"minecraft:yellow_bed":8,"minecraft:grass":80,"minecraft:oak_log":60,"minecraft:coal_ore":92,"minecraft:beetroots":8,"minecraft:gravel":8,"minecraft:dirt":123,"minecraft:stonecutter":1,"minecraft:gold_ore":12,"minecraft:oak_leaves":13,"minecraft:deepslate":96},"minecraft:crafted":{"minecraft:oak_planks":236,"minecraft:oak_sign":3,"minecraft:cobblestone_slab":30,"minecraft:stone_shovel":1,"minecraft:furnace":4,"minecraft:oak_trapdoor":6,"minecraft:bow":1,"minecraft:iron_boots":1,"minecraft:iron_axe":1,"minecraft:stone_pickaxe":1,"minecraft:chest":3,"minecraft:redstone_block":20,"minecraft:rail":16,"minecraft:minecart":1,"minecraft:wheat":9,"minecraft:crafting_table":3,"minecraft:enchanting_table":1,"minecraft:iron_helmet":1,"minecraft:bucket":1,"minecraft:stone_axe":2,"minecraft:bread":6,"minecraft:air":0,"minecraft:oak_boat":1,"minecraft:book":1,"minecraft:iron_chestplate":1,"minecraft:paper":3,"minecraft:diamond_pickaxe":1,"minecraft:shield":3,"minecraft:stick":76,"minecraft:iron_ingot":100,"minecraft:iron_pickaxe":4,"minecraft:iron_shovel":1,"minecraft:iron_block":10,"minecraft:iron_leggings":1,"minecraft:gold_ingot":54,"minecraft:torch":184,"minecraft:lapis_block":28},"minecraft:dropped":{"minecraft:water_bucket":2,"minecraft:wheat_seeds":49,"minecraft:lapis_lazuli":1,"minecraft:oak_pressure_plate":2,"minecraft:glow_ink_sac":7,"minecraft:poisonous_potato":1,"minecraft:oak_fence":35,"minecraft:feather":2,"minecraft:cobblestone":17,"minecraft:apple":5,"minecraft:granite":10,"minecraft:rail":3,"minecraft:cobblestone_stairs":1,"minecraft:stick":2,"minecraft:dirt":21,"minecraft:diorite":5,"minecraft:oak_stairs":1,"minecraft:string":5,"minecraft:white_wool":2,"minecraft:dandelion":2,"minecraft:oak_door":1,"minecraft:gravel":18,"minecraft:stone_axe":1,"minecraft:cobbled_deepslate":98,"minecraft:tuff":4,"minecraft:wheat":1,"minecraft:rotten_flesh":9,"minecraft:clay_ball":12,"minecraft:oak_planks":1,"minecraft:carrot":45,"minecraft:poppy":5,"minecraft:cobblestone_slab":10,"minecraft:andesite":49,"minecraft:oak_sapling":5,"minecraft:oak_boat":2,"minecraft:spider_eye":2,"minecraft:stone_pickaxe":1},"minecraft:killed_by":{"minecraft:player":1,"minecraft:spider":1,"minecraft:iron_golem":1,"minecraft:zombie":2}},"DataVersion":2975}