{"stats":{"minecraft:killed_by":{"minecraft:player":1},"minecraft:mined":{"minecraft:hay_block":1,"minecraft:grass":13,"minecraft:tall_grass":5,"minecraft:fire":1,"minecraft:dandelion":1,"minecraft:oxeye_daisy":4,"minecraft:oak_leaves":7,"minecraft:clay":1},"minecraft:dropped":{"minecraft:clay_ball":12,"minecraft:apple":3,"minecraft:wheat_seeds":4,"minecraft:oak_sapling":3},"minecraft:picked_up":{"minecraft:clay_ball":12,"minecraft:apple":3,"minecraft:wheat_seeds":4,"minecraft:dandelion":1,"minecraft:hay_block":1,"minecraft:oak_sapling":3,"minecraft:oxeye_daisy":4},"minecraft:used":{"minecraft:oxeye_daisy":4,"minecraft:hay_block":1,"minecraft:dandelion":1},"minecraft:custom":{"minecraft:open_chest":5,"minecraft:time_since_rest":391,"minecraft:crouch_one_cm":560,"minecraft:play_time":11375,"minecraft:sprint_one_cm":18246,"minecraft:damage_taken":515,"minecraft:walk_one_cm":20257,"minecraft:deaths":2,"minecraft:bell_ring":7,"minecraft:sneak_time":172,"minecraft:drop":13,"minecraft:jump":297,"minecraft:damage_dealt":57,"minecraft:leave_game":5,"minecraft:time_since_death":327,"minecraft:walk_on_water_one_cm":594,"minecraft:sleep_in_bed":1,"minecraft:total_world_time":11375,"minecraft:fall_one_cm":12689,"minecraft:fly_one_cm":51519}},"DataVersion":2975}