{"stats":{"minecraft:picked_up":{"minecraft:wooden_axe":4,"minecraft:fishing_rod":3,"minecraft:iron_chestplate":6,"minecraft:wheat":11,"minecraft:diamond_sword":6,"minecraft:chain":8,"minecraft:shield":5,"minecraft:string":1,"minecraft:soul_soil":4,"minecraft:wooden_sword":3,"minecraft:iron_leggings":6,"minecraft:cobbled_deepslate":673,"minecraft:beef":7,"minecraft:redstone_torch":1,"minecraft:smooth_quartz":20,"minecraft:sugar_cane":6,"minecraft:iron_boots":5,"minecraft:egg":3,"minecraft:stick":15,"minecraft:raw_iron":5,"minecraft:torch":1,"minecraft:porkchop":1,"minecraft:diorite":39,"minecraft:carrot":4,"minecraft:rotten_flesh":2,"minecraft:arrow":7,"minecraft:shears":2,"minecraft:mutton":8,"minecraft:white_wool":32,"minecraft:cobblestone":54,"minecraft:golden_carrot":314,"minecraft:water_bucket":1,"minecraft:leather":20,"minecraft:tuff":37,"minecraft:oak_log":9,"minecraft:dirt":138,"minecraft:lapis_lazuli":47,"minecraft:paper":30,"minecraft:cooked_mutton":2,"minecraft:bone":2,"minecraft:bow":2,"minecraft:wheat_seeds":28,"minecraft:oak_planks":17,"minecraft:iron_sword":2,"minecraft:book":4,"minecraft:poisonous_potato":2,"minecraft:diamond_shovel":1,"minecraft:diamond":25,"minecraft:iron_helmet":5,"minecraft:granite":4,"minecraft:baked_potato":30,"minecraft:coal":2,"minecraft:hopper":1,"minecraft:diamond_pickaxe":1},"minecraft:used":{"minecraft:shield":17,"minecraft:iron_chestplate":4,"minecraft:torch":4,"minecraft:dirt":68,"minecraft:mutton":7,"minecraft:diamond_helmet":1,"minecraft:tuff":13,"minecraft:granite":4,"minecraft:wooden_axe":9,"minecraft:iron_helmet":3,"minecraft:iron_boots":3,"minecraft:diamond_chestplate":2,"minecraft:golden_carrot":2,"minecraft:egg":1,"minecraft:cooked_beef":9,"minecraft:cobbled_deepslate":200,"minecraft:powder_snow_bucket":3,"minecraft:iron_leggings":4,"minecraft:wheat_seeds":6,"minecraft:cooked_mutton":2,"minecraft:diorite":11,"minecraft:baked_potato":22,"minecraft:oak_planks":5,"minecraft:diamond_pickaxe":391,"minecraft:string":3,"minecraft:iron_pickaxe":181,"minecraft:diamond_sword":45,"minecraft:wooden_sword":6,"minecraft:cobblestone":41,"minecraft:porkchop":1,"minecraft:bucket":2},"minecraft:killed":{"minecraft:skeleton":5,"minecraft:pig":1,"minecraft:sheep":4,"minecraft:cow":3},"minecraft:broken":{"minecraft:iron_pickaxe":1},"minecraft:killed_by":{"minecraft:player":17,"minecraft:creeper":1,"minecraft:skeleton":1,"minecraft:zombie":1},"minecraft:dropped":{"minecraft:water_bucket":1,"minecraft:iron_sword":2,"minecraft:wheat_seeds":13,"minecraft:oak_log":4,"minecraft:baked_potato":27,"minecraft:diamond":1,"minecraft:poisonous_potato":1,"minecraft:iron_helmet":1,"minecraft:cobblestone":10,"minecraft:leather":20,"minecraft:stick":2,"minecraft:dirt":2,"minecraft:diorite":7,"minecraft:golden_carrot":7,"minecraft:wooden_axe":1,"minecraft:iron_leggings":2,"minecraft:wooden_sword":2,"minecraft:paper":15,"minecraft:fishing_rod":3,"minecraft:sugar_cane":3,"minecraft:cobbled_deepslate":10,"minecraft:wheat":1,"minecraft:raw_iron":4,"minecraft:rotten_flesh":1,"minecraft:oak_planks":4,"minecraft:iron_boots":2,"minecraft:diamond_shovel":1,"minecraft:diamond_sword":2,"minecraft:iron_chestplate":2,"minecraft:diamond_pickaxe":1,"minecraft:hopper":1,"minecraft:arrow":2,"minecraft:bow":2,"minecraft:egg":1},"minecraft:custom":{"minecraft:mob_kills":13,"minecraft:animals_bred":3,"minecraft:interact_with_crafting_table":15,"minecraft:leave_game":4,"minecraft:time_since_death":114,"minecraft:sprint_one_cm":304515,"minecraft:walk_one_cm":384048,"minecraft:damage_blocked_by_shield":485,"minecraft:drop":131,"minecraft:talked_to_villager":4,"minecraft:play_time":125947,"minecraft:deaths":24,"minecraft:sneak_time":959,"minecraft:walk_under_water_one_cm":25767,"minecraft:jump":2413,"minecraft:walk_on_water_one_cm":23442,"minecraft:enchant_item":2,"minecraft:total_world_time":125947,"minecraft:interact_with_furnace":41,"minecraft:sleep_in_bed":2,"minecraft:time_since_rest":149,"minecraft:damage_taken":10043,"minecraft:damage_dealt":4306,"minecraft:swim_one_cm":35947,"minecraft:fly_one_cm":365467,"minecraft:player_kills":13,"minecraft:open_chest":76,"minecraft:crouch_one_cm":2635,"minecraft:fall_one_cm":95323},"minecraft:crafted":{"minecraft:oak_planks":20,"minecraft:diamond_helmet":1,"minecraft:golden_boots":1,"minecraft:cooked_beef":9,"minecraft:diamond_sword":2,"minecraft:baked_potato":53,"minecraft:iron_helmet":1,"minecraft:diamond_pickaxe":2,"minecraft:shield":2,"minecraft:stick":8,"minecraft:torch":4,"minecraft:diamond_chestplate":1},"minecraft:mined":{"minecraft:tuff":25,"minecraft:deepslate_diamond_ore":27,"minecraft:granite":4,"minecraft:grass_block":4,"minecraft:soul_soil":1,"minecraft:cobbled_deepslate":67,"minecraft:potatoes":2,"minecraft:deepslate_iron_ore":1,"minecraft:dirt_path":1,"minecraft:stone":41,"minecraft:tripwire":1,"minecraft:soul_fire":10,"minecraft:tall_grass":6,"minecraft:cobblestone":11,"minecraft:oak_planks":5,"minecraft:diorite":18,"minecraft:wall_torch":1,"minecraft:wheat":7,"minecraft:grass":75,"minecraft:oak_log":6,"minecraft:coal_ore":2,"minecraft:dirt":37,"minecraft:oak_leaves":2,"minecraft:deepslate":375}},"DataVersion":2975}