{"stats":{"minecraft:killed":{"minecraft:pig":1,"minecraft:sheep":4,"minecraft:skeleton":5,"minecraft:cow":3},"minecraft:mined":{"minecraft:tuff":25,"minecraft:deepslate_diamond_ore":27,"minecraft:soul_fire":10,"minecraft:granite":4,"minecraft:grass_block":4,"minecraft:soul_soil":1,"minecraft:tall_grass":6,"minecraft:cobblestone":11,"minecraft:oak_planks":5,"minecraft:diorite":18,"minecraft:wall_torch":1,"minecraft:wheat":7,"minecraft:cobbled_deepslate":67,"minecraft:grass":75,"minecraft:potatoes":2,"minecraft:coal_ore":2,"minecraft:oak_log":6,"minecraft:deepslate_iron_ore":1,"minecraft:dirt_path":1,"minecraft:dirt":37,"minecraft:tripwire":1,"minecraft:stone":41,"minecraft:oak_leaves":2,"minecraft:deepslate":375},"minecraft:custom":{"minecraft:interact_with_furnace":41,"minecraft:mob_kills":13,"minecraft:animals_bred":3,"minecraft:interact_with_crafting_table":15,"minecraft:leave_game":4,"minecraft:time_since_death":2553,"minecraft:sleep_in_bed":2,"minecraft:time_since_rest":2598,"minecraft:sprint_one_cm":301902,"minecraft:damage_taken":6565,"minecraft:walk_one_cm":372885,"minecraft:damage_blocked_by_shield":485,"minecraft:drop":131,"minecraft:damage_dealt":4107,"minecraft:swim_one_cm":35947,"minecraft:talked_to_villager":4,"minecraft:fly_one_cm":362774,"minecraft:player_kills":7,"minecraft:open_chest":71,"minecraft:play_time":122222,"minecraft:crouch_one_cm":821,"minecraft:sneak_time":547,"minecraft:deaths":17,"minecraft:walk_under_water_one_cm":25767,"minecraft:jump":2386,"minecraft:walk_on_water_one_cm":23442,"minecraft:enchant_item":2,"minecraft:total_world_time":122222,"minecraft:fall_one_cm":61983},"minecraft:picked_up":{"minecraft:wooden_axe":4,"minecraft:fishing_rod":3,"minecraft:iron_chestplate":6,"minecraft:wheat":11,"minecraft:golden_carrot":314,"minecraft:water_bucket":1,"minecraft:leather":20,"minecraft:diamond_sword":6,"minecraft:tuff":37,"minecraft:oak_log":9,"minecraft:shield":5,"minecraft:string":1,"minecraft:lapis_lazuli":47,"minecraft:dirt":138,"minecraft:paper":30,"minecraft:soul_soil":4,"minecraft:wooden_sword":3,"minecraft:iron_leggings":6,"minecraft:cooked_mutton":2,"minecraft:bone":2,"minecraft:bow":2,"minecraft:wheat_seeds":28,"minecraft:cobbled_deepslate":673,"minecraft:beef":7,"minecraft:sugar_cane":6,"minecraft:iron_sword":2,"minecraft:oak_planks":17,"minecraft:iron_boots":5,"minecraft:egg":3,"minecraft:book":4,"minecraft:stick":15,"minecraft:raw_iron":5,"minecraft:torch":1,"minecraft:poisonous_potato":2,"minecraft:porkchop":1,"minecraft:diorite":39,"minecraft:carrot":4,"minecraft:diamond_shovel":1,"minecraft:arrow":7,"minecraft:rotten_flesh":2,"minecraft:diamond":25,"minecraft:shears":2,"minecraft:iron_helmet":5,"minecraft:granite":4,"minecraft:baked_potato":30,"minecraft:mutton":7,"minecraft:coal":2,"minecraft:hopper":1,"minecraft:white_wool":31,"minecraft:cobblestone":54,"minecraft:diamond_pickaxe":1},"minecraft:used":{"minecraft:wheat_seeds":6,"minecraft:cooked_mutton":2,"minecraft:diorite":11,"minecraft:oak_planks":5,"minecraft:baked_potato":22,"minecraft:shield":17,"minecraft:iron_chestplate":4,"minecraft:torch":4,"minecraft:dirt":68,"minecraft:mutton":7,"minecraft:diamond_helmet":1,"minecraft:tuff":13,"minecraft:granite":4,"minecraft:wooden_axe":9,"minecraft:diamond_pickaxe":391,"minecraft:string":3,"minecraft:iron_pickaxe":181,"minecraft:iron_helmet":3,"minecraft:iron_boots":3,"minecraft:wooden_sword":6,"minecraft:diamond_sword":45,"minecraft:diamond_chestplate":2,"minecraft:golden_carrot":2,"minecraft:cobblestone":41,"minecraft:porkchop":1,"minecraft:iron_leggings":4,"minecraft:egg":1,"minecraft:cooked_beef":9,"minecraft:cobbled_deepslate":200},"minecraft:dropped":{"minecraft:water_bucket":1,"minecraft:iron_sword":2,"minecraft:sugar_cane":3,"minecraft:wheat_seeds":13,"minecraft:oak_log":4,"minecraft:baked_potato":27,"minecraft:cobbled_deepslate":10,"minecraft:diamond":1,"minecraft:wheat":1,"minecraft:poisonous_potato":1,"minecraft:raw_iron":4,"minecraft:rotten_flesh":1,"minecraft:iron_helmet":1,"minecraft:cobblestone":10,"minecraft:oak_planks":4,"minecraft:iron_boots":2,"minecraft:diamond_shovel":1,"minecraft:leather":20,"minecraft:stick":2,"minecraft:diamond_sword":2,"minecraft:dirt":2,"minecraft:diorite":7,"minecraft:golden_carrot":7,"minecraft:diamond_pickaxe":1,"minecraft:iron_chestplate":2,"minecraft:wooden_axe":1,"minecraft:hopper":1,"minecraft:iron_leggings":2,"minecraft:wooden_sword":2,"minecraft:arrow":2,"minecraft:bow":2,"minecraft:paper":15,"minecraft:fishing_rod":3,"minecraft:egg":1},"minecraft:broken":{"minecraft:iron_pickaxe":1},"minecraft:crafted":{"minecraft:cooked_beef":9,"minecraft:oak_planks":20,"minecraft:diamond_sword":2,"minecraft:iron_helmet":1,"minecraft:baked_potato":53,"minecraft:diamond_helmet":1,"minecraft:diamond_pickaxe":2,"minecraft:shield":2,"minecraft:stick":8,"minecraft:torch":4,"minecraft:golden_boots":1,"minecraft:diamond_chestplate":1},"minecraft:killed_by":{"minecraft:player":11,"minecraft:skeleton":1,"minecraft:creeper":1,"minecraft:zombie":1}},"DataVersion":2975}